# Blender 5.0.1
# www.blender.org
mtllib tripo_convert_679695e6-7f94-4608-b17a-561a2e1c27ac.mtl
o tripo_node_679695e6-7f94-4608-b17a-561a2e1c27ac
v 0.000976 0.111328 -0.083008
v 0.000976 0.101563 -0.118164
v 0.000976 0.154297 -0.112305
v 0.000976 0.166016 -0.079102
v 0.000977 0.527344 -0.208008
v 0.000977 0.677734 -0.256836
v 0.000977 0.386719 0.200195
v 0.000977 0.400391 0.204101
v 0.000977 0.400391 0.209961
v 0.000977 0.423828 0.208008
v 0.000977 0.644531 0.131836
v 0.000977 0.693359 0.139648
v 0.000977 0.849609 -0.133789
v 0.000977 0.875000 -0.112305
v 0.000977 0.880859 -0.102539
v 0.000977 0.882812 0.112305
v 0.000977 0.976562 -0.030274
v 0.000977 0.980469 0.040039
v 0.000977 0.189453 0.145508
v 0.000977 0.255859 0.145508
v 0.000977 0.125000 0.139648
v 0.000977 0.134766 0.145508
v 0.000977 0.150391 0.127930
v 0.000978 0.195313 0.016602
v 0.000978 0.115234 0.028320
v 0.002930 0.042969 -0.083008
v 0.002930 0.123047 -0.114258
v 0.002930 0.185547 -0.159180
v 0.002930 0.218750 -0.030273
v 0.002930 0.384766 0.215820
v 0.002930 0.394531 0.229492
v 0.002930 0.402344 0.180664
v 0.002930 0.402344 0.213867
v 0.002930 0.613281 0.133789
v 0.002930 0.699219 0.139648
v 0.002930 0.818359 0.153320
v 0.002930 0.822266 0.165039
v 0.002930 0.843750 -0.159180
v 0.002930 0.845703 -0.159180
v 0.002930 0.892578 -0.075195
v 0.002930 0.929687 -0.059570
v 0.002930 0.240234 0.135742
v 0.002930 0.205078 0.137695
v 0.002931 0.117188 0.012695
v 0.004883 0.216797 -0.135742
v 0.004883 0.394531 0.184570
v 0.004883 0.554688 0.260742
v 0.004883 0.574219 -0.157227
v 0.004883 0.822266 0.155273
v 0.004883 0.845703 -0.151367
v 0.004883 0.882812 0.088867
v 0.004883 0.935547 0.071289
v 0.004883 0.984375 -0.024414
v 0.004884 0.220703 0.131836
v 0.004885 0.078125 0.026367
v 0.006836 0.169922 -0.133789
v 0.006836 0.181641 -0.077149
v 0.006836 0.201172 -0.151367
v 0.006836 0.404297 0.188476
v 0.006836 0.468750 0.188476
v 0.006836 0.533203 -0.180664
v 0.006836 0.580078 0.129883
v 0.006836 0.703125 0.139648
v 0.006836 0.820312 0.163086
v 0.006836 0.822265 0.155273
v 0.006836 0.835938 -0.172852
v 0.006836 0.892578 -0.098633
v 0.006836 0.935547 0.067383
v 0.006838 0.072266 0.032227
v 0.006838 0.132812 0.004883
v 0.008789 0.000000 -0.081055
v 0.008789 0.113281 -0.118164
v 0.008789 0.125000 -0.079102
v 0.008789 0.128906 -0.141602
v 0.008789 0.167969 -0.110352
v 0.008789 0.236328 -0.133789
v 0.008789 0.386719 0.198242
v 0.008789 0.400391 0.202148
v 0.008789 0.458985 0.256836
v 0.008789 0.542969 0.170898
v 0.008789 0.697266 0.143555
v 0.008789 0.699219 0.145508
v 0.008789 0.703125 0.141602
v 0.008789 0.750000 0.194336
v 0.008789 0.837891 -0.149414
v 0.008789 0.841797 -0.149414
v 0.008789 0.841797 -0.159180
v 0.008789 0.888672 0.100586
v 0.008789 0.898438 -0.086914
v 0.010742 0.134766 -0.079102
v 0.010742 0.353516 0.139648
v 0.010742 0.396484 0.182617
v 0.010742 0.400391 0.206055
v 0.010742 0.701172 0.145508
v 0.010742 0.833984 0.106445
v 0.010742 0.841797 -0.157227
v 0.010742 0.843750 -0.149414
v 0.010742 0.966797 0.063476
v 0.010744 0.048828 0.032227
v 0.012695 0.021484 -0.163086
v 0.012695 0.054688 -0.143555
v 0.012695 0.142578 -0.139648
v 0.012695 0.251953 -0.022461
v 0.012695 0.324219 -0.157227
v 0.012695 0.341797 0.151367
v 0.012695 0.384766 0.213867
v 0.012695 0.394531 0.233398
v 0.012695 0.396484 0.198242
v 0.012695 0.398438 0.172851
v 0.012695 0.402344 0.211914
v 0.012695 0.609375 0.235351
v 0.012695 0.646484 -0.274414
v 0.012695 0.648438 0.165039
v 0.012695 0.683594 0.145508
v 0.012695 0.687500 -0.122070
v 0.012695 0.693359 0.133789
v 0.012695 0.697266 0.151367
v 0.012695 0.820312 0.137695
v 0.012697 0.169922 0.028320
v 0.014649 0.003906 0.125977
v 0.014649 0.091797 0.122070
v 0.014649 0.279297 -0.020508
v 0.014649 0.326172 0.145508
v 0.014649 0.388672 0.196289
v 0.014649 0.390625 0.176758
v 0.014649 0.402344 0.184570
v 0.014649 0.404297 0.209961
v 0.014649 0.445313 0.249023
v 0.014649 0.460938 0.190430
v 0.014649 0.542969 0.133789
v 0.014649 0.621094 -0.166992
v 0.014649 0.673828 -0.120117
v 0.014649 0.703125 0.172851
v 0.014649 0.839844 0.108398
v 0.014649 0.917969 0.081055
v 0.014649 0.976562 0.057617
v 0.014650 0.152344 0.010742
v 0.016602 0.029297 0.125977
v 0.016602 0.076172 0.114258
v 0.016602 0.078125 0.122070
v 0.016602 0.093750 0.116211
v 0.016602 0.093750 0.131836
v 0.016602 0.126953 -0.114258
v 0.016602 0.324219 -0.006836
v 0.016602 0.337891 -0.155273
v 0.016602 0.390625 0.209961
v 0.016602 0.509766 0.254883
v 0.016602 0.511719 0.182617
v 0.016602 0.542969 -0.270508
v 0.016602 0.595703 0.198242
v 0.016602 0.667969 0.194336
v 0.016602 0.710937 0.145508
v 0.016602 0.710937 0.147461
v 0.016602 0.726562 0.161133
v 0.016602 0.808594 0.151367
v 0.016602 0.833984 -0.137695
v 0.016602 0.835937 -0.137695
v 0.016602 0.945312 -0.049805
v 0.016602 0.947266 -0.053711
v 0.016602 0.992188 0.016601
v 0.018555 0.054688 -0.096680
v 0.018555 0.058594 0.120117
v 0.018555 0.103516 0.043945
v 0.018555 0.113281 0.139648
v 0.018555 0.138672 -0.114258
v 0.018555 0.251953 -0.143555
v 0.018555 0.347656 -0.143555
v 0.018555 0.361328 0.000977
v 0.018555 0.380859 0.196289
v 0.018555 0.384766 0.176758
v 0.018555 0.388672 0.211914
v 0.018555 0.392578 0.225586
v 0.018555 0.398438 0.219726
v 0.018555 0.646484 -0.137695
v 0.018555 0.689453 -0.129883
v 0.018555 0.708984 0.145508
v 0.018555 0.781250 0.176758
v 0.018555 0.812500 0.163086
v 0.018555 0.845703 0.110351
v 0.018555 0.902344 -0.065430
v 0.020508 0.060547 -0.118164
v 0.020508 0.179688 -0.106445
v 0.020508 0.179688 -0.133789
v 0.020508 0.394531 0.196289
v 0.020508 0.398438 0.170898
v 0.020508 0.402344 0.209961
v 0.020508 0.417969 0.247070
v 0.020508 0.677734 -0.129883
v 0.020508 0.707031 0.151367
v 0.020508 0.710938 0.147461
v 0.020508 0.712891 0.147461
v 0.020508 0.736328 -0.215820
v 0.020508 0.812500 0.165039
v 0.020508 0.851562 0.104492
v 0.022461 0.001953 0.041992
v 0.022461 0.101562 0.036133
v 0.022461 0.333984 0.006836
v 0.022461 0.378906 0.145508
v 0.022461 0.390625 0.225586
v 0.022461 0.394531 0.206055
v 0.022461 0.396484 0.233398
v 0.022461 0.431641 0.200195
v 0.022461 0.654297 -0.133789
v 0.022461 0.710937 0.139648
v 0.022461 0.712891 0.155273
v 0.022461 0.783203 0.155273
v 0.022461 0.787109 0.163086
v 0.022461 0.789062 0.157226
v 0.022461 0.798828 0.157226
v 0.022461 0.808594 0.157226
v 0.022461 0.814453 -0.188477
v 0.022461 0.861328 0.084961
v 0.022461 0.869141 -0.073242
v 0.022461 0.976562 -0.041992
v 0.022461 0.992188 -0.012695
v 0.024415 0.027344 0.041992
v 0.024414 0.154297 0.127930
v 0.024414 0.380859 0.215820
v 0.024414 0.402344 0.182617
v 0.024414 0.419922 0.139648
v 0.024414 0.441406 0.184570
v 0.024414 0.455078 0.131836
v 0.024414 0.511719 0.131836
v 0.024414 0.541016 -0.165039
v 0.024414 0.550781 -0.143555
v 0.024414 0.609375 -0.133789
v 0.024414 0.724609 0.153320
v 0.024414 0.732422 0.149414
v 0.024414 0.777344 -0.208008
v 0.024414 0.779297 0.166992
v 0.024414 0.783203 0.155273
v 0.024414 0.787109 0.163086
v 0.024414 0.800781 0.159180
v 0.024414 0.802734 0.151367
v 0.024414 0.802734 0.159180
v 0.024414 0.804687 0.151367
v 0.024414 0.841797 -0.094727
v 0.024414 0.919922 -0.055664
v 0.024414 0.984375 -0.036133
v 0.026368 0.076172 0.038086
v 0.026368 0.083984 0.034180
v 0.026367 0.275391 -0.145508
v 0.026367 0.355469 0.139648
v 0.026367 0.392578 0.174805
v 0.026367 0.457031 0.135742
v 0.026367 0.484375 0.131836
v 0.026367 0.500000 -0.235352
v 0.026367 0.632812 -0.141602
v 0.026367 0.701172 -0.131836
v 0.026367 0.707031 -0.129883
v 0.026367 0.707031 -0.131836
v 0.026367 0.712891 -0.229492
v 0.026367 0.722656 0.157227
v 0.026367 0.722656 0.159180
v 0.026367 0.724609 0.151367
v 0.026367 0.728516 0.153320
v 0.026367 0.738281 0.153320
v 0.026367 0.742187 0.153320
v 0.026367 0.767578 0.147461
v 0.026367 0.775391 0.147461
v 0.026367 0.777344 0.157226
v 0.026367 0.779297 0.166992
v 0.026367 0.781250 0.159180
v 0.026367 0.859375 0.104492
v 0.026367 0.908203 -0.061524
v 0.026367 0.925781 -0.063477
v 0.028320 0.021484 -0.081055
v 0.028320 0.341797 0.147461
v 0.028320 0.384766 0.170898
v 0.028320 0.392578 0.165039
v 0.028320 0.396484 0.194336
v 0.028320 0.503906 -0.206055
v 0.028320 0.560547 0.235351
v 0.028320 0.576172 -0.133789
v 0.028320 0.728516 0.149414
v 0.028320 0.750000 0.151367
v 0.028320 0.750000 0.153320
v 0.028320 0.769531 0.147461
v 0.028320 0.798828 0.165039
v 0.028320 0.798828 0.166992
v 0.028320 0.826172 -0.139648
v 0.028320 0.828125 -0.139648
v 0.028320 0.847656 -0.096680
v 0.028320 0.863281 0.096680
v 0.028320 0.888672 0.079101
v 0.028320 0.906250 -0.053711
v 0.028320 0.986328 0.043945
v 0.030274 0.332031 -0.147461
v 0.030273 0.345703 0.149414
v 0.030273 0.357422 0.137695
v 0.030274 0.382813 0.194336
v 0.030274 0.396485 0.174805
v 0.030273 0.501953 0.141601
v 0.030274 0.605469 -0.276367
v 0.030274 0.687500 0.129883
v 0.030274 0.740234 0.161133
v 0.030274 0.742187 0.161133
v 0.030274 0.748047 0.157226
v 0.030274 0.751953 0.155273
v 0.030274 0.767578 0.147461
v 0.030274 0.767578 0.153320
v 0.030274 0.785156 0.139648
v 0.030274 0.830078 -0.139648
v 0.030274 0.910156 -0.065430
v 0.030274 0.925781 -0.067383
v 0.030274 0.933594 0.073242
v 0.030274 0.933594 0.077148
v 0.030274 0.933594 -0.055664
v 0.032227 0.125000 0.127930
v 0.032227 0.214844 -0.061523
v 0.032227 0.294922 0.016602
v 0.032227 0.320313 -0.139648
v 0.032227 0.320313 -0.153320
v 0.032227 0.332031 0.145508
v 0.032227 0.343750 0.147461
v 0.032227 0.343750 -0.139648
v 0.032227 0.355469 0.139648
v 0.032227 0.378906 0.192383
v 0.032227 0.396484 0.204101
v 0.032227 0.404297 0.208008
v 0.032227 0.470703 0.247070
v 0.032227 0.478516 0.188476
v 0.032227 0.556641 0.198242
v 0.032227 0.671875 -0.243164
v 0.032227 0.710937 -0.129883
v 0.032227 0.710937 -0.131836
v 0.032227 0.712891 -0.127930
v 0.032227 0.746094 0.155273
v 0.032227 0.751953 0.155273
v 0.032227 0.755859 0.161133
v 0.032227 0.830078 -0.139648
v 0.032227 0.832031 -0.141602
v 0.032227 0.853516 -0.096680
v 0.032227 0.861328 -0.090820
v 0.032227 0.873047 -0.083008
v 0.032227 0.937500 -0.061524
v 0.034180 0.123047 0.045898
v 0.034180 0.195313 -0.133789
v 0.034180 0.332031 -0.145508
v 0.034180 0.333984 -0.151367
v 0.034180 0.371094 -0.145508
v 0.034180 0.388672 0.190430
v 0.034180 0.396484 0.237305
v 0.034180 0.408203 0.204101
v 0.034180 0.455078 0.176758
v 0.034180 0.455078 0.239258
v 0.034180 0.517578 0.231445
v 0.034180 0.705078 -0.133789
v 0.034180 0.707031 -0.135742
v 0.034180 0.791016 0.106445
v 0.034180 0.816406 0.088867
v 0.034180 0.828125 -0.122070
v 0.034180 0.828125 -0.147461
v 0.034180 0.828125 -0.149414
v 0.034180 0.867187 -0.090820
v 0.034180 0.894531 -0.053711
v 0.034180 0.966797 0.069336
v 0.034180 0.974609 0.063476
v 0.036133 0.109375 0.051758
v 0.036133 0.130859 0.040039
v 0.036133 0.187500 0.028320
v 0.036133 0.246094 0.124023
v 0.036133 0.332031 0.139648
v 0.036133 0.343750 -0.139648
v 0.036133 0.380860 0.213867
v 0.036133 0.390625 0.190430
v 0.036133 0.390625 0.231445
v 0.036133 0.472656 0.188476
v 0.036133 0.517578 0.202148
v 0.036133 0.630859 -0.178711
v 0.036133 0.701172 -0.124023
v 0.036133 0.708984 -0.135742
v 0.036133 0.750000 0.137695
v 0.036133 0.873047 -0.067383
v 0.036133 0.898438 -0.061524
v 0.036133 0.935547 -0.065430
v 0.038086 0.226562 0.124023
v 0.038086 0.234375 0.020508
v 0.038086 0.345703 -0.137695
v 0.038086 0.375000 0.192383
v 0.038086 0.386719 0.209961
v 0.038086 0.388672 0.206055
v 0.038086 0.390625 0.223633
v 0.038086 0.894531 0.069336
v 0.038086 0.908203 0.073242
v 0.040039 0.103516 0.125976
v 0.040039 0.107422 0.047852
v 0.040039 0.115234 0.040039
v 0.040039 0.269531 0.016602
v 0.040039 0.388672 0.165039
v 0.040039 0.396485 0.172851
v 0.040039 0.406250 0.206055
v 0.040039 0.419922 0.174805
v 0.040039 0.425781 0.165039
v 0.040039 0.431641 0.180664
v 0.040039 0.519531 -0.176758
v 0.040039 0.529297 -0.127930
v 0.040039 0.705078 -0.139648
v 0.040039 0.707031 -0.139648
v 0.040039 0.714844 0.133789
v 0.040039 0.728516 -0.186523
v 0.040039 0.820312 0.090820
v 0.040039 0.837891 0.071289
v 0.040039 0.896484 0.077148
v 0.041992 0.000000 -0.166992
v 0.041992 0.021484 -0.165039
v 0.041992 0.037109 -0.151367
v 0.041992 0.082031 0.051758
v 0.041992 0.083984 0.114258
v 0.041992 0.119141 0.131836
v 0.041992 0.175781 0.143555
v 0.041992 0.193359 -0.114258
v 0.041992 0.214844 -0.127930
v 0.041992 0.250000 -0.116211
v 0.041992 0.261719 0.135742
v 0.041992 0.285156 0.141601
v 0.041992 0.382813 0.168945
v 0.041992 0.392578 0.202148
v 0.041992 0.396484 0.217773
v 0.041992 0.410156 0.168945
v 0.041992 0.414063 0.163086
v 0.041992 0.439453 0.170898
v 0.041992 0.480469 -0.209961
v 0.041992 0.505859 -0.256836
v 0.041992 0.552734 0.122070
v 0.041992 0.580078 0.110352
v 0.041992 0.591797 -0.159180
v 0.041992 0.617188 0.120117
v 0.041992 0.662109 0.118164
v 0.041992 0.693359 -0.129883
v 0.041992 0.718750 -0.133789
v 0.041992 0.816406 -0.133789
v 0.041992 0.843750 -0.059570
v 0.041992 0.896484 -0.061524
v 0.041992 0.912109 0.081055
v 0.043946 0.089844 0.047852
v 0.043945 0.103516 0.114258
v 0.043945 0.140625 0.141601
v 0.043946 0.167969 0.022461
v 0.043945 0.210937 0.137695
v 0.043945 0.232422 -0.124023
v 0.043945 0.382813 0.166992
v 0.043945 0.414063 -0.137695
v 0.043945 0.476562 -0.225586
v 0.043945 0.484375 -0.124023
v 0.043945 0.716797 -0.131836
v 0.043945 0.718750 -0.133789
v 0.043945 0.828125 0.088867
v 0.043945 0.861328 0.075195
v 0.043945 0.873047 -0.065430
v 0.043945 0.882812 0.065430
v 0.043945 0.896484 0.079101
v 0.043945 0.906250 -0.057617
v 0.043945 0.921875 0.073242
v 0.043945 0.939453 -0.053711
v 0.045899 0.087891 0.118164
v 0.045899 0.101562 0.118164
v 0.045899 0.134766 0.028320
v 0.045898 0.193359 0.143555
v 0.045899 0.248047 -0.047852
v 0.045899 0.376953 0.172851
v 0.045899 0.382813 0.176758
v 0.045899 0.392578 0.184570
v 0.045899 0.398438 0.231445
v 0.045899 0.406250 0.165039
v 0.045899 0.455078 -0.127930
v 0.045899 0.478516 -0.225586
v 0.045899 0.482422 -0.211914
v 0.045899 0.714844 -0.137695
v 0.045899 0.716797 -0.137695
v 0.045899 0.718750 -0.125977
v 0.045899 0.720703 -0.133789
v 0.045899 0.824219 -0.075195
v 0.045899 0.847656 -0.057617
v 0.045899 0.910156 0.083008
v 0.045899 0.937500 -0.061524
v 0.045899 0.939453 -0.057617
v 0.045899 0.943359 -0.049805
v 0.045899 0.943359 -0.053711
v 0.047852 0.001953 0.059570
v 0.047852 0.027344 0.057617
v 0.047852 0.037109 -0.098633
v 0.047852 0.042969 -0.124023
v 0.047852 0.072266 0.118164
v 0.047852 0.166016 0.116211
v 0.047852 0.373047 0.186523
v 0.047852 0.378906 0.213867
v 0.047852 0.388672 0.172851
v 0.047852 0.408203 0.172851
v 0.047852 0.412110 0.157226
v 0.047852 0.421875 0.241211
v 0.047852 0.423828 0.192383
v 0.047852 0.458984 -0.129883
v 0.047852 0.482422 0.227539
v 0.047852 0.492187 -0.129883
v 0.047852 0.644531 -0.196289
v 0.047852 0.646484 -0.254883
v 0.047852 0.660156 -0.149414
v 0.047852 0.660156 -0.221680
v 0.047852 0.736328 -0.145508
v 0.047852 0.753906 0.110351
v 0.047852 0.796875 -0.139648
v 0.047852 0.798828 -0.092773
v 0.047852 0.810547 -0.133789
v 0.047852 0.812500 -0.131836
v 0.047852 0.812500 -0.133789
v 0.047852 0.816406 -0.139648
v 0.047852 0.820312 -0.145508
v 0.047852 0.822266 -0.145508
v 0.047852 0.832031 0.086914
v 0.047852 0.835937 0.081055
v 0.047852 0.886719 0.073242
v 0.047852 0.923828 0.079101
v 0.047852 0.978516 -0.045899
v 0.047852 0.986328 -0.038086
v 0.049805 0.000000 -0.084961
v 0.049805 0.021484 -0.086914
v 0.049805 0.046875 0.135742
v 0.049805 0.056641 0.053711
v 0.049805 0.115234 0.067383
v 0.049805 0.146484 0.020508
v 0.049805 0.164062 0.061523
v 0.049805 0.275391 -0.043945
v 0.049805 0.382813 0.161133
v 0.049805 0.382813 0.184570
v 0.049805 0.427735 0.186523
v 0.049805 0.462891 -0.223633
v 0.049805 0.466797 0.180664
v 0.049805 0.466797 0.225586
v 0.049805 0.466797 -0.208008
v 0.049805 0.476562 -0.243164
v 0.049805 0.482422 0.202148
v 0.049805 0.488281 -0.194336
v 0.049805 0.505859 -0.133789
v 0.049805 0.558594 -0.272461
v 0.049805 0.697266 -0.206055
v 0.049805 0.712891 -0.155273
v 0.049805 0.720703 -0.139648
v 0.049805 0.722656 -0.139648
v 0.049805 0.740234 -0.131836
v 0.049805 0.740234 -0.133789
v 0.049805 0.761719 -0.176758
v 0.049805 0.775391 -0.129883
v 0.049805 0.783203 -0.127930
v 0.049805 0.783203 -0.129883
v 0.049805 0.791016 -0.137695
v 0.049805 0.808594 -0.135742
v 0.049805 0.839844 0.065430
v 0.049805 0.994141 -0.020508
v 0.051758 0.001953 0.147461
v 0.051758 0.089844 0.069336
v 0.051758 0.160156 0.139648
v 0.051758 0.179687 0.061523
v 0.051758 0.197266 0.061523
v 0.051758 0.273438 -0.116211
v 0.051758 0.392578 0.227539
v 0.051758 0.394531 0.198242
v 0.051758 0.408203 0.200195
v 0.051758 0.414062 -0.188477
v 0.051758 0.417969 0.180664
v 0.051758 0.427735 0.159180
v 0.051758 0.470703 -0.225586
v 0.051758 0.488281 -0.196289
v 0.051758 0.517578 0.120117
v 0.051758 0.693359 -0.122070
v 0.051758 0.732422 -0.135742
v 0.051758 0.734375 -0.135742
v 0.051758 0.734375 -0.137695
v 0.051758 0.736328 -0.131836
v 0.051758 0.750000 -0.135742
v 0.051758 0.777344 -0.127930
v 0.051758 0.792969 -0.157227
v 0.051758 0.794922 -0.122070
v 0.051758 0.796875 -0.145508
v 0.051758 0.810547 -0.139648
v 0.051758 0.820312 0.047851
v 0.051758 0.828125 -0.077148
v 0.051758 0.919922 0.083008
v 0.051758 0.998047 0.014648
v 0.053711 0.089844 0.094726
v 0.053711 0.113281 0.065430
v 0.053711 0.113281 0.092773
v 0.053711 0.132812 0.114258
v 0.053711 0.166016 0.092773
v 0.053711 0.181641 0.116211
v 0.053711 0.376953 0.165039
v 0.053711 0.382813 0.190430
v 0.053711 0.412109 -0.198242
v 0.053711 0.414063 0.196289
v 0.053711 0.445313 0.168945
v 0.053711 0.462891 -0.223633
v 0.053711 0.466797 -0.209961
v 0.053711 0.472656 0.200195
v 0.053711 0.476562 -0.202148
v 0.053711 0.478516 -0.241211
v 0.053711 0.712891 0.114258
v 0.053711 0.732422 -0.141602
v 0.053711 0.736328 -0.135742
v 0.053711 0.738281 -0.135742
v 0.053711 0.746094 -0.135742
v 0.053711 0.748047 -0.135742
v 0.053711 0.757812 -0.133789
v 0.053711 0.759766 -0.133789
v 0.053711 0.775391 -0.127930
v 0.053711 0.777344 -0.127930
v 0.053711 0.785156 -0.137695
v 0.053711 0.791016 -0.139648
v 0.053711 0.824219 -0.038086
v 0.053711 0.931641 -0.055664
v 0.053711 0.933594 -0.049805
v 0.055664 0.181641 0.092773
v 0.055664 0.212891 -0.094727
v 0.055664 0.388672 0.166992
v 0.055664 0.388672 0.184570
v 0.055664 0.406250 0.166992
v 0.055664 0.406250 -0.192383
v 0.055664 0.408203 0.159180
v 0.055664 0.462890 -0.225586
v 0.055664 0.474609 -0.192383
v 0.055664 0.777344 -0.133789
v 0.055664 0.787109 -0.145508
v 0.055664 0.789062 -0.147461
v 0.055664 0.798828 0.063476
v 0.055664 0.808594 -0.145508
v 0.055664 0.833984 -0.075195
v 0.055664 0.843750 -0.065430
v 0.055664 0.849609 -0.059570
v 0.055664 0.884766 0.069336
v 0.055664 0.919922 -0.053711
v 0.055664 0.988281 0.045898
v 0.057617 0.095703 0.067383
v 0.057617 0.111328 0.092773
v 0.057617 0.320313 -0.030273
v 0.057617 0.378906 0.209961
v 0.057617 0.386719 0.202148
v 0.057617 0.402344 0.229492
v 0.057617 0.414062 -0.184570
v 0.057617 0.419922 -0.196289
v 0.057617 0.462890 -0.239258
v 0.057617 0.546875 -0.124023
v 0.057617 0.556641 -0.163086
v 0.057617 0.576172 -0.108398
v 0.057617 0.753906 -0.135742
v 0.057617 0.755859 -0.137695
v 0.057617 0.757812 -0.120117
v 0.057617 0.761719 -0.135742
v 0.057617 0.777344 -0.133789
v 0.057617 0.808594 0.026367
v 0.057617 0.808594 -0.145508
v 0.057617 0.839844 -0.071289
v 0.057617 0.861328 0.067383
v 0.057617 0.894531 0.067383
v 0.057617 0.919922 -0.047852
v 0.057617 0.927734 0.069336
v 0.057617 0.931641 0.065430
v 0.057617 0.976562 0.061523
v 0.059570 0.095703 0.094726
v 0.059570 0.119141 0.065430
v 0.059570 0.136719 0.061523
v 0.059570 0.371094 0.018555
v 0.059570 0.373047 0.188476
v 0.059570 0.382813 0.165039
v 0.059570 0.388672 0.204101
v 0.059570 0.394531 0.192383
v 0.059570 0.394531 0.225586
v 0.059570 0.408203 0.196289
v 0.059570 0.408203 -0.209961
v 0.059570 0.449219 0.102539
v 0.059570 0.468750 -0.204102
v 0.059570 0.472656 -0.194336
v 0.059570 0.513672 0.125976
v 0.059570 0.666016 -0.114258
v 0.059570 0.679687 -0.174805
v 0.059570 0.722656 -0.118164
v 0.059570 0.750000 -0.141602
v 0.059570 0.751953 -0.141602
v 0.059570 0.810547 -0.016602
v 0.059570 0.814453 0.040039
v 0.059570 0.927734 0.073242
v 0.059570 0.931641 0.071289
v 0.059570 0.966797 0.067383
v 0.061524 0.021484 -0.161133
v 0.061523 0.111328 0.114258
v 0.061523 0.125000 0.118164
v 0.061524 0.246094 -0.084961
v 0.061524 0.316406 -0.114258
v 0.061524 0.337891 0.034180
v 0.061524 0.369141 0.002930
v 0.061524 0.398438 0.209961
v 0.061524 0.400391 -0.206055
v 0.061524 0.406250 -0.188477
v 0.061524 0.419922 0.174805
v 0.061524 0.429688 0.186523
v 0.061524 0.437500 -0.227539
v 0.061523 0.453125 0.104492
v 0.061523 0.478516 0.100586
v 0.061524 0.617188 -0.118164
v 0.061524 0.763672 -0.139648
v 0.061524 0.765625 -0.139648
v 0.061524 0.804688 0.004883
v 0.061524 0.892578 -0.059570
v 0.061524 0.923828 0.077148
v 0.063477 0.000000 -0.163086
v 0.063477 0.078125 0.098633
v 0.063477 0.136719 0.092773
v 0.063477 0.273438 -0.081055
v 0.063477 0.365234 -0.012695
v 0.063477 0.390625 0.178711
v 0.063477 0.396485 0.215820
v 0.063477 0.414062 -0.206055
v 0.063476 0.417969 0.112305
v 0.063477 0.423828 0.163086
v 0.063477 0.443360 0.174805
v 0.063477 0.460938 0.190430
v 0.063477 0.462891 -0.237305
v 0.063477 0.496094 -0.182617
v 0.063477 0.496094 -0.184570
v 0.063477 0.517578 -0.110352
v 0.063477 0.617187 -0.254883
v 0.063477 0.761719 -0.096680
v 0.063477 0.804688 -0.049805
v 0.063477 0.806641 0.061523
v 0.063477 0.814453 0.043945
v 0.065430 0.074219 0.075195
v 0.065430 0.128906 0.061523
v 0.065430 0.195312 0.120117
v 0.065430 0.197266 0.092773
v 0.065430 0.267578 0.110351
v 0.065430 0.335938 0.116211
v 0.065430 0.378906 0.122070
v 0.065430 0.404297 -0.184570
v 0.065430 0.410156 -0.217773
v 0.065430 0.416016 -0.190430
v 0.065430 0.466797 -0.243164
v 0.065430 0.478515 -0.252930
v 0.065430 0.490234 0.102539
v 0.065430 0.634766 0.084961
v 0.065430 0.753906 0.077148
v 0.065430 0.792969 0.038086
v 0.065430 0.812500 0.038086
v 0.065430 0.814453 0.057617
v 0.065430 0.820312 -0.030273
v 0.065430 0.832031 -0.045898
v 0.065430 0.869141 -0.059570
v 0.067383 0.025391 0.153320
v 0.067383 0.117187 0.094726
v 0.067383 0.140625 0.120117
v 0.067383 0.156250 0.122070
v 0.067383 0.236328 0.051758
v 0.067383 0.292969 0.114258
v 0.067383 0.298828 0.041992
v 0.067383 0.375000 0.182617
v 0.067383 0.396485 0.186523
v 0.067383 0.398437 -0.178711
v 0.067383 0.404297 -0.172852
v 0.067383 0.406250 0.223633
v 0.067383 0.414062 -0.211914
v 0.067383 0.416016 -0.223633
v 0.067383 0.417969 0.192383
v 0.067383 0.429688 0.225586
v 0.067383 0.437500 0.184570
v 0.067383 0.441406 -0.208008
v 0.067383 0.480469 -0.249023
v 0.067383 0.482422 -0.182617
v 0.067383 0.789062 0.034180
v 0.067383 0.837891 0.055664
v 0.067383 0.908203 0.063476
v 0.067383 0.919922 0.067383
v 0.067383 0.921875 0.063476
v 0.067383 0.937500 -0.038086
v 0.069336 0.142578 0.059570
v 0.069336 0.154297 0.059570
v 0.069336 0.382813 0.176758
v 0.069336 0.382813 0.204101
v 0.069336 0.400391 -0.200195
v 0.069336 0.402344 -0.219727
v 0.069336 0.412110 0.192383
v 0.069336 0.417969 -0.213867
v 0.069336 0.419922 -0.213867
v 0.069336 0.447266 0.208008
v 0.069336 0.458984 -0.241211
v 0.069336 0.482422 -0.178711
v 0.069336 0.515625 -0.260742
v 0.069336 0.537109 0.104492
v 0.069336 0.609375 -0.184570
v 0.069336 0.792969 0.041992
v 0.069336 0.820312 -0.034180
v 0.069336 0.910156 0.057617
v 0.071289 0.000000 -0.094727
v 0.071289 0.021484 -0.094727
v 0.071289 0.128906 0.096680
v 0.071289 0.271484 0.043945
v 0.071289 0.398438 0.217773
v 0.071289 0.410156 -0.182617
v 0.071289 0.414062 -0.202148
v 0.071289 0.433594 0.194336
v 0.071289 0.480469 -0.182617
v 0.071289 0.525390 -0.172852
v 0.071289 0.718750 -0.104492
v 0.071289 0.787109 0.006836
v 0.071289 0.792969 -0.024414
v 0.071289 0.794922 0.034180
v 0.071289 0.794922 0.038086
v 0.071289 0.802734 0.032227
v 0.071289 0.810547 -0.049805
v 0.071289 0.818359 -0.030273
v 0.071289 0.818359 -0.043945
v 0.071289 0.986328 -0.036133
v 0.073242 0.023438 0.071289
v 0.073242 0.035156 -0.147461
v 0.073242 0.056641 0.133789
v 0.073242 0.142578 0.094726
v 0.073242 0.156250 0.094726
v 0.073242 0.212891 0.120117
v 0.073242 0.251953 0.116211
v 0.073242 0.408203 -0.198242
v 0.073242 0.414062 -0.206055
v 0.073242 0.464844 -0.245117
v 0.073242 0.464844 -0.249023
v 0.073242 0.671875 0.086914
v 0.073242 0.712891 0.084961
v 0.073242 0.767578 0.036133
v 0.073242 0.796875 -0.032227
v 0.073242 0.818359 -0.032227
v 0.073242 0.978516 -0.041992
v 0.075195 0.234375 0.118164
v 0.075195 0.316406 -0.075195
v 0.075195 0.361328 -0.118164
v 0.075195 0.378906 0.075195
v 0.075195 0.388672 0.024414
v 0.075195 0.398437 -0.198242
v 0.075195 0.412109 -0.229492
v 0.075195 0.435547 -0.239258
v 0.075195 0.476562 -0.182617
v 0.075195 0.513672 -0.116211
v 0.075195 0.564453 0.090820
v 0.075195 0.597656 0.086914
v 0.075195 0.626953 -0.219727
v 0.075195 0.751953 0.041992
v 0.075195 0.759766 -0.067383
v 0.075195 0.798828 0.006836
v 0.075195 0.798828 -0.036133
v 0.075195 0.804687 -0.018555
v 0.075195 0.824219 0.040039
v 0.075195 0.847656 -0.049805
v 0.075195 0.880859 0.061523
v 0.075195 0.939453 -0.051758
v 0.077149 0.000000 -0.149414
v 0.077149 0.382813 0.198242
v 0.077149 0.390625 0.190430
v 0.077149 0.390625 -0.198242
v 0.077149 0.392578 -0.165039
v 0.077149 0.400391 -0.172852
v 0.077148 0.414063 0.065430
v 0.077149 0.417969 -0.208008
v 0.077149 0.457031 -0.094727
v 0.077149 0.484375 -0.090820
v 0.077148 0.509766 0.092773
v 0.077149 0.572266 -0.250977
v 0.077149 0.767578 0.041992
v 0.077149 0.792969 0.006836
v 0.077149 0.796875 -0.022461
v 0.077149 0.806641 -0.018555
v 0.077149 0.857422 0.057617
v 0.077149 0.906250 -0.047852
v 0.077149 0.929688 0.049805
v 0.077149 0.994141 -0.016602
v 0.079102 0.035156 -0.110352
v 0.079102 0.042969 0.073242
v 0.079101 0.296875 0.079101
v 0.079101 0.339844 0.079101
v 0.079102 0.382813 -0.018555
v 0.079102 0.384766 0.002930
v 0.079102 0.392578 -0.176758
v 0.079102 0.400391 -0.213867
v 0.079102 0.402344 0.211914
v 0.079102 0.404297 -0.194336
v 0.079102 0.410156 -0.178711
v 0.079102 0.412110 0.215820
v 0.079102 0.419922 0.202148
v 0.079102 0.419922 -0.206055
v 0.079102 0.460938 -0.096680
v 0.079102 0.535156 0.106445
v 0.079102 0.535156 -0.092773
v 0.079102 0.634766 -0.081055
v 0.079102 0.767578 0.036133
v 0.079102 0.798828 -0.032227
v 0.079102 0.802734 -0.004883
v 0.079102 0.812500 0.024414
v 0.081055 0.023438 -0.151367
v 0.081055 0.386719 -0.170898
v 0.081055 0.398437 -0.170898
v 0.081055 0.404297 -0.208008
v 0.081055 0.408203 -0.108398
v 0.081055 0.410156 0.200195
v 0.081055 0.449219 0.053711
v 0.081055 0.740234 0.036133
v 0.081055 0.751953 0.004883
v 0.081055 0.771484 -0.034180
v 0.081055 0.804688 0.008789
v 0.081055 0.978516 0.053711
v 0.083008 0.000000 -0.110352
v 0.083008 0.009766 -0.151367
v 0.083008 0.035156 -0.129883
v 0.083008 0.214844 0.102539
v 0.083008 0.404297 -0.208008
v 0.083008 0.416016 0.030273
v 0.083008 0.457031 -0.176758
v 0.083008 0.492188 -0.094727
v 0.083008 0.503906 -0.174805
v 0.083008 0.503906 -0.178711
v 0.083008 0.742188 0.040039
v 0.083008 0.755859 -0.032227
v 0.083008 0.771484 -0.038086
v 0.083008 0.884766 -0.053711
v 0.083008 0.933594 -0.049805
v 0.083008 0.935547 -0.053711
v 0.083008 0.968750 0.059570
v 0.083008 0.988281 0.036133
v 0.084961 0.000000 0.073242
v 0.084961 0.000000 -0.131836
v 0.084961 0.271484 0.081055
v 0.084961 0.363281 -0.069336
v 0.084961 0.408203 -0.202148
v 0.084961 0.412109 -0.229492
v 0.084961 0.417969 -0.204102
v 0.084961 0.447266 -0.192383
v 0.084961 0.453125 0.053711
v 0.084961 0.488281 -0.249023
v 0.084961 0.593750 0.086914
v 0.084961 0.675781 -0.081055
v 0.084961 0.839844 0.041992
v 0.084961 0.914062 -0.043945
v 0.086914 0.021484 -0.110352
v 0.086914 0.060547 0.112305
v 0.086914 0.404297 -0.188477
v 0.086914 0.408203 -0.221680
v 0.086914 0.412109 -0.213867
v 0.086914 0.486328 -0.250977
v 0.086914 0.562500 0.092773
v 0.086914 0.562500 -0.084961
v 0.086914 0.572266 -0.180664
v 0.086914 0.595703 -0.079102
v 0.086914 0.712891 0.045898
v 0.086914 0.716797 -0.077148
v 0.086914 0.742187 0.036133
v 0.086914 0.773438 -0.034180
v 0.086914 0.863281 -0.049805
v 0.086914 0.929688 0.061523
v 0.086914 0.935547 -0.034180
v 0.086914 0.998047 0.010742
v 0.088867 0.009766 -0.110352
v 0.088867 0.238281 0.086914
v 0.088867 0.388672 -0.188477
v 0.088867 0.390625 -0.161133
v 0.088867 0.408203 -0.059570
v 0.088867 0.412109 -0.022461
v 0.088867 0.425781 -0.153320
v 0.088867 0.437500 -0.155273
v 0.088867 0.449219 -0.043945
v 0.088867 0.468750 -0.165039
v 0.088867 0.476562 -0.249023
v 0.088867 0.488281 -0.176758
v 0.088867 0.490234 -0.172852
v 0.088867 0.634766 0.047851
v 0.088867 0.673828 0.047852
v 0.088867 0.714844 0.036133
v 0.088867 0.746094 -0.034180
v 0.088867 0.896484 0.049805
v 0.088867 0.988281 -0.026367
v 0.090820 0.023438 -0.131836
v 0.090820 0.056641 0.090820
v 0.090820 0.388672 -0.190430
v 0.090820 0.394531 -0.211914
v 0.090820 0.396484 -0.184570
v 0.090820 0.398437 -0.165039
v 0.090820 0.406250 -0.219727
v 0.090820 0.414063 0.002930
v 0.090820 0.421875 -0.159180
v 0.090820 0.472656 -0.243164
v 0.090820 0.474609 0.055664
v 0.090820 0.492187 -0.176758
v 0.090820 0.527344 -0.241211
v 0.090820 0.533203 -0.096680
v 0.090820 0.699219 0.036133
v 0.090820 0.712891 0.004883
v 0.090820 0.714844 0.040039
v 0.090820 0.746094 -0.040039
v 0.092774 0.011719 -0.131836
v 0.092774 0.392578 -0.159180
v 0.092774 0.398437 -0.182617
v 0.092774 0.408203 -0.196289
v 0.092774 0.417969 -0.153320
v 0.092774 0.423828 -0.145508
v 0.092774 0.433594 -0.165039
v 0.092774 0.443359 -0.168945
v 0.092774 0.447266 0.004883
v 0.092774 0.451172 -0.159180
v 0.092774 0.453125 -0.043945
v 0.092774 0.462891 -0.239258
v 0.092774 0.472656 -0.247070
v 0.092774 0.533203 -0.186523
v 0.092774 0.578125 -0.217773
v 0.092774 0.597656 0.049805
v 0.092774 0.714844 -0.038086
v 0.092774 0.833984 -0.036133
v 0.092774 0.892578 -0.041992
v 0.094726 0.001953 0.165039
v 0.094726 0.025391 0.163086
v 0.094727 0.386719 -0.165039
v 0.094727 0.412109 -0.227539
v 0.094727 0.417969 -0.200195
v 0.094727 0.423828 -0.196289
v 0.094727 0.634766 0.002930
v 0.094727 0.634766 -0.040039
v 0.094727 0.667969 0.040039
v 0.094727 0.673828 0.002930
v 0.094727 0.675781 -0.040039
v 0.094727 0.683594 0.038086
v 0.094727 0.685547 0.028320
v 0.094727 0.689453 0.026367
v 0.094727 0.693359 0.014648
v 0.094727 0.695312 0.002930
v 0.094727 0.699219 0.041992
v 0.094727 0.714844 0.036133
v 0.094727 0.716797 -0.034180
v 0.094727 0.746094 -0.034180
v 0.094727 0.845703 -0.040039
v 0.094727 0.875000 0.049805
v 0.094727 0.902344 -0.043945
v 0.094727 0.906250 0.045898
v 0.094727 0.923828 0.055664
v 0.094727 0.923828 0.059570
v 0.094727 0.927734 0.041992
v 0.094727 0.980469 -0.032227
v 0.096680 0.041016 0.149414
v 0.096680 0.380859 -0.186523
v 0.096680 0.386719 -0.165039
v 0.096680 0.392578 -0.153320
v 0.096680 0.394531 -0.168945
v 0.096680 0.419922 -0.161133
v 0.096680 0.439453 -0.145508
v 0.096680 0.451172 0.004883
v 0.096680 0.484375 -0.241211
v 0.096680 0.486328 -0.174805
v 0.096680 0.490234 -0.243164
v 0.096680 0.494140 -0.241211
v 0.096680 0.496094 -0.241211
v 0.096680 0.500000 -0.239258
v 0.096680 0.507812 -0.092773
v 0.096680 0.591797 -0.077148
v 0.096680 0.648437 0.053711
v 0.096680 0.656250 0.055664
v 0.096680 0.660156 0.040039
v 0.096680 0.660156 0.049805
v 0.096680 0.662109 0.043945
v 0.096680 0.667969 0.038086
v 0.096680 0.671875 0.016602
v 0.096680 0.677734 0.024414
v 0.096680 0.683594 0.041992
v 0.096680 0.689453 -0.020508
v 0.096680 0.693359 -0.008789
v 0.096680 0.699219 0.036133
v 0.096680 0.820313 -0.022461
v 0.096680 0.855469 0.041992
v 0.096680 0.888672 -0.030273
v 0.096680 0.894531 -0.034180
v 0.096680 0.894531 -0.036133
v 0.096680 0.896484 -0.036133
v 0.096680 0.902344 -0.032227
v 0.096680 0.906250 -0.028320
v 0.096680 0.982422 0.041992
v 0.098633 0.398437 -0.165039
v 0.098633 0.400391 -0.198242
v 0.098633 0.419922 -0.145508
v 0.098633 0.435547 -0.237305
v 0.098633 0.472656 -0.043945
v 0.098633 0.478516 -0.239258
v 0.098633 0.492187 -0.245117
v 0.098633 0.505859 -0.235352
v 0.098633 0.525391 0.055664
v 0.098633 0.560547 -0.081055
v 0.098633 0.597656 0.004883
v 0.098633 0.597656 -0.040039
v 0.098633 0.640625 0.041992
v 0.098633 0.642578 0.049805
v 0.098633 0.654297 0.018555
v 0.098633 0.667969 0.043945
v 0.098633 0.669922 0.016602
v 0.098633 0.673828 0.002930
v 0.098633 0.687500 -0.022461
v 0.098633 0.703125 -0.034180
v 0.098633 0.718750 -0.040039
v 0.098633 0.816406 -0.006836
v 0.098633 0.818359 0.006836
v 0.098633 0.876953 -0.041992
v 0.098633 0.888672 -0.022461
v 0.098633 0.892578 -0.016602
v 0.098633 0.900391 -0.016602
v 0.098633 0.904297 -0.020508
v 0.098633 0.945312 -0.038086
v 0.100586 0.394531 -0.206055
v 0.100586 0.398437 -0.174805
v 0.100586 0.404297 -0.192383
v 0.100586 0.474609 -0.237305
v 0.100586 0.476562 -0.237305
v 0.100586 0.480469 0.059570
v 0.100586 0.509766 -0.182617
v 0.100586 0.593750 0.049805
v 0.100586 0.630859 0.030273
v 0.100586 0.636719 0.034180
v 0.100586 0.638672 0.018555
v 0.100586 0.660156 0.045898
v 0.100586 0.667969 -0.032227
v 0.100586 0.669922 -0.010742
v 0.100586 0.677734 -0.018555
v 0.100586 0.683594 0.038086
v 0.100586 0.685547 -0.034180
v 0.100586 0.703125 -0.038086
v 0.100586 0.718750 -0.034180
v 0.100586 0.828125 0.022461
v 0.100586 0.839844 0.026367
v 0.100586 0.884766 0.040039
v 0.100586 0.916016 -0.038086
v 0.102539 0.021484 0.079101
v 0.102539 0.386719 -0.155273
v 0.102539 0.398437 -0.157227
v 0.102539 0.398437 -0.202148
v 0.102539 0.417969 -0.153320
v 0.102539 0.419922 -0.194336
v 0.102539 0.429687 -0.166992
v 0.102539 0.455078 -0.153320
v 0.102539 0.470703 0.006836
v 0.102539 0.478516 -0.241211
v 0.102539 0.507812 -0.229492
v 0.102539 0.509766 -0.180664
v 0.102539 0.535156 -0.213867
v 0.102539 0.560547 0.051758
v 0.102539 0.650391 -0.020508
v 0.102539 0.658203 -0.026367
v 0.102539 0.658203 -0.032227
v 0.102539 0.660156 -0.032227
v 0.102539 0.667969 0.038086
v 0.102539 0.667969 0.040039
v 0.102539 0.667969 -0.032227
v 0.102539 0.679688 0.018555
v 0.102539 0.685547 -0.038086
v 0.102539 0.882813 0.024414
v 0.102539 0.884766 0.016602
v 0.102539 0.888672 0.012695
v 0.102539 0.888672 0.030273
v 0.102539 0.888672 -0.032227
v 0.102539 0.890625 -0.026367
v 0.102539 0.894531 0.030273
v 0.102539 0.894531 -0.032227
v 0.102539 0.896484 0.012695
v 0.102539 0.900391 0.026367
v 0.102539 0.900391 -0.030273
v 0.102539 0.900391 -0.032227
v 0.102539 0.902344 0.018555
v 0.102539 0.902344 -0.026367
v 0.102539 0.941406 -0.040039
v 0.102539 0.972656 0.045898
v 0.102539 0.990234 -0.010742
v 0.104492 0.380859 -0.178711
v 0.104492 0.437500 -0.178711
v 0.104492 0.439453 -0.172852
v 0.104492 0.472656 -0.233398
v 0.104492 0.523438 -0.043945
v 0.104492 0.626953 -0.012695
v 0.104492 0.632812 -0.018555
v 0.104492 0.640625 -0.022461
v 0.104492 0.648437 0.053711
v 0.104492 0.656250 0.055664
v 0.104492 0.660156 0.040039
v 0.104492 0.660156 0.049805
v 0.104492 0.664062 0.043945
v 0.104492 0.671875 0.016602
v 0.104492 0.673828 0.016602
v 0.104492 0.679687 -0.012695
v 0.104492 0.689453 0.012695
v 0.104492 0.703125 -0.034180
v 0.104492 0.859375 -0.038086
v 0.104492 0.888672 0.032226
v 0.104492 0.890625 0.032226
v 0.104492 0.894531 0.041992
v 0.104492 0.894531 -0.016602
v 0.104492 0.896484 -0.026367
v 0.104492 0.898438 -0.020508
v 0.104492 0.900391 -0.032227
v 0.106445 0.390625 -0.172852
v 0.106445 0.392578 -0.153320
v 0.106445 0.406250 -0.221680
v 0.106445 0.410156 -0.206055
v 0.106445 0.414062 -0.225586
v 0.106445 0.478516 -0.163086
v 0.106445 0.494141 -0.180664
v 0.106445 0.498047 -0.252930
v 0.106445 0.500000 0.059570
v 0.106445 0.507812 -0.225586
v 0.106445 0.591797 -0.040039
v 0.106445 0.642578 0.041992
v 0.106445 0.644531 0.049805
v 0.106445 0.654297 0.018555
v 0.106445 0.660156 -0.038086
v 0.106445 0.666016 0.014648
v 0.106445 0.667969 -0.036133
v 0.106445 0.667969 -0.038086
v 0.106445 0.673828 -0.010742
v 0.106445 0.685547 -0.034180
v 0.106445 0.689453 -0.006836
v 0.106445 0.691406 0.002930
v 0.106445 0.871094 0.034180
v 0.106445 0.888672 -0.022461
v 0.106445 0.892578 -0.022461
v 0.106445 0.896484 -0.016602
v 0.106445 0.898438 -0.024414
v 0.106445 0.900391 -0.024414
v 0.106445 0.906250 -0.038086
v 0.106445 0.937500 0.043945
v 0.106445 0.986328 0.026367
v 0.108399 0.392578 -0.178711
v 0.108399 0.400391 -0.172852
v 0.108399 0.404297 -0.184570
v 0.108399 0.433594 -0.145508
v 0.108399 0.470703 -0.227539
v 0.108399 0.486328 -0.233398
v 0.108399 0.492187 -0.252930
v 0.108399 0.496094 -0.176758
v 0.108399 0.558594 -0.040039
v 0.108399 0.593750 0.004883
v 0.108399 0.632812 0.030273
v 0.108399 0.638672 0.034180
v 0.108399 0.640625 0.018555
v 0.108399 0.666016 -0.008789
v 0.108399 0.667969 -0.032227
v 0.108399 0.673828 0.008789
v 0.108399 0.673828 -0.002930
v 0.108399 0.882812 0.026367
v 0.108399 0.886719 0.020508
v 0.108399 0.888672 0.026367
v 0.108399 0.890625 0.010742
v 0.108399 0.892578 0.012695
v 0.108399 0.894531 0.016602
v 0.108399 0.894531 0.026367
v 0.108399 0.898438 0.022461
v 0.108399 0.910156 0.038086
v 0.108399 0.925781 -0.051758
v 0.108399 0.937500 -0.018555
v 0.108399 0.992188 0.006836
v 0.110351 0.044922 0.125976
v 0.110352 0.406250 -0.211914
v 0.110352 0.421875 -0.186523
v 0.110352 0.472656 -0.225586
v 0.110352 0.478516 -0.045898
v 0.110352 0.484375 -0.250977
v 0.110352 0.496094 -0.182617
v 0.110352 0.501953 -0.249023
v 0.110352 0.507812 -0.198242
v 0.110352 0.507812 -0.219727
v 0.110352 0.642578 -0.020508
v 0.110352 0.652344 -0.020508
v 0.110352 0.658203 -0.026367
v 0.110352 0.662109 0.002930
v 0.110352 0.664062 -0.032227
v 0.110352 0.683594 0.014648
v 0.110352 0.843750 -0.008789
v 0.110352 0.853516 0.026367
v 0.110352 0.884766 0.014648
v 0.110352 0.888672 0.016602
v 0.110352 0.892578 0.022461
v 0.110352 0.894531 0.018555
v 0.110352 0.894531 0.028320
v 0.110352 0.896484 0.018555
v 0.110352 0.927734 -0.055664
v 0.110352 0.933594 0.043945
v 0.110352 0.982422 -0.014648
v 0.112305 0.390625 -0.202148
v 0.112305 0.425781 -0.180664
v 0.112305 0.429687 -0.157227
v 0.112305 0.472656 -0.221680
v 0.112305 0.478516 -0.249023
v 0.112305 0.505859 -0.215820
v 0.112305 0.507812 -0.245117
v 0.112305 0.519531 0.006836
v 0.112305 0.628906 -0.012695
v 0.112305 0.632812 -0.018555
v 0.112305 0.685547 -0.008789
v 0.112305 0.839844 -0.036133
v 0.112305 0.873047 -0.030273
v 0.112305 0.892578 -0.010742
v 0.112305 0.925781 -0.022461
v 0.112305 0.933594 0.020508
v 0.114258 0.003906 0.166992
v 0.114258 0.025391 0.165039
v 0.114258 0.384766 -0.176758
v 0.114258 0.400391 -0.165039
v 0.114258 0.453125 -0.155273
v 0.114258 0.472656 -0.249023
v 0.114258 0.476563 0.006836
v 0.114258 0.476562 -0.217773
v 0.114258 0.498047 -0.045898
v 0.114258 0.501953 -0.213867
v 0.114258 0.509766 -0.198242
v 0.114258 0.556641 0.006836
v 0.114258 0.662109 0.010742
v 0.114258 0.673828 0.002930
v 0.114258 0.832031 -0.028320
v 0.114258 0.843750 -0.036133
v 0.114258 0.890625 0.004883
v 0.114258 0.898438 0.034180
v 0.114258 0.904297 -0.028320
v 0.114258 0.912109 -0.028320
v 0.114258 0.978516 0.026367
v 0.116211 0.398437 -0.186523
v 0.116211 0.408203 -0.178711
v 0.116211 0.414062 -0.217773
v 0.116211 0.421875 -0.180664
v 0.116211 0.441406 -0.168945
v 0.116211 0.486328 -0.180664
v 0.116211 0.492187 -0.194336
v 0.116211 0.496094 -0.211914
v 0.116211 0.498047 -0.208008
v 0.116211 0.505859 -0.215820
v 0.116211 0.509766 -0.239258
v 0.116211 0.662109 -0.002930
v 0.116211 0.667969 0.002930
v 0.116211 0.679688 0.002930
v 0.116211 0.826172 -0.022461
v 0.116211 0.867188 0.018555
v 0.116211 0.896484 -0.010742
v 0.116211 0.921875 0.022461
v 0.116211 0.949219 -0.018555
v 0.116211 0.982422 0.004883
v 0.118164 0.039063 0.100586
v 0.118164 0.472656 -0.243164
v 0.118164 0.480469 -0.213867
v 0.118164 0.484375 -0.211914
v 0.118164 0.488281 -0.211914
v 0.118164 0.490234 -0.211914
v 0.118164 0.494141 0.006836
v 0.118164 0.683594 0.002930
v 0.118164 0.822266 -0.010742
v 0.118164 0.824219 0.000977
v 0.118164 0.828125 0.008789
v 0.118164 0.833984 0.018555
v 0.118164 0.837891 0.018555
v 0.118164 0.857422 -0.036133
v 0.118164 0.892578 -0.002930
v 0.118164 0.894531 0.004883
v 0.118164 0.896484 -0.002930
v 0.118164 0.898438 -0.018555
v 0.118164 0.935547 0.000977
v 0.120117 0.384766 -0.168945
v 0.120117 0.392578 -0.161133
v 0.120117 0.392578 -0.194336
v 0.120117 0.402344 -0.188477
v 0.120117 0.408203 -0.211914
v 0.120117 0.437500 -0.223633
v 0.120117 0.449219 -0.163086
v 0.120117 0.482422 -0.206055
v 0.120117 0.496094 -0.194336
v 0.120117 0.509766 -0.235352
v 0.120117 0.660156 0.002930
v 0.120117 0.867188 -0.030273
v 0.120117 0.882813 -0.016602
v 0.120117 0.896484 0.010742
v 0.120117 0.898438 0.022461
v 0.120117 0.908203 0.024414
v 0.120117 0.914062 0.051758
v 0.120117 0.916016 0.055664
v 0.120117 0.943359 -0.020508
v 0.120117 0.945312 0.022461
v 0.122070 0.408203 -0.168945
v 0.122070 0.472656 -0.168945
v 0.122070 0.492187 -0.211914
v 0.122070 0.880859 0.006836
v 0.122070 0.906250 -0.002930
v 0.122070 0.908203 -0.016602
v 0.122070 0.919922 -0.000977
v 0.124023 0.000000 0.088867
v 0.124023 0.021484 0.088867
v 0.124024 0.412109 -0.192383
v 0.124024 0.423828 -0.172852
v 0.124024 0.429687 -0.172852
v 0.124024 0.470703 -0.237305
v 0.124024 0.509766 -0.229492
v 0.124024 0.851563 0.020508
v 0.124024 0.863281 0.016602
v 0.124024 0.906250 0.010742
v 0.124024 0.939453 0.022461
v 0.124024 0.949219 0.000977
v 0.125977 0.408203 -0.208008
v 0.125977 0.417969 -0.211914
v 0.125977 0.472656 -0.231445
v 0.125977 0.884766 -0.004883
v 0.125977 0.919922 -0.053711
v 0.127930 0.394531 -0.186523
v 0.127930 0.410156 -0.198242
v 0.127930 0.445312 -0.172852
v 0.127930 0.509766 -0.223633
v 0.127930 0.833984 -0.030273
v 0.127930 0.839844 -0.030273
v 0.127930 0.923828 -0.055664
v 0.127930 0.943359 0.000977
v 0.129882 0.039062 0.155273
v 0.129883 0.474609 -0.227539
v 0.129883 0.503906 -0.223633
v 0.129883 0.830078 -0.022461
v 0.129883 0.839844 -0.036133
v 0.129883 0.841797 -0.036133
v 0.129883 0.843750 -0.034180
v 0.129883 0.845703 -0.036133
v 0.131836 0.003906 0.159179
v 0.131836 0.402344 -0.168945
v 0.131836 0.460937 -0.184570
v 0.131836 0.480469 -0.223633
v 0.131836 0.498047 -0.219727
v 0.131836 0.828125 -0.000977
v 0.131836 0.832031 0.006836
v 0.131836 0.835938 0.008789
v 0.131836 0.857422 -0.034180
v 0.131836 0.867188 -0.024414
v 0.131836 0.876953 -0.026367
v 0.133789 0.396484 -0.178711
v 0.133789 0.419922 -0.202148
v 0.133789 0.484375 -0.217773
v 0.133789 0.490234 -0.219727
v 0.133789 0.826172 -0.012695
v 0.133789 0.833984 0.012695
v 0.133789 0.837891 0.014648
v 0.133789 0.839844 0.012695
v 0.133789 0.863281 0.006836
v 0.133789 0.871094 -0.028320
v 0.133789 0.931641 -0.043945
v 0.135742 0.027344 0.159179
v 0.135742 0.412109 -0.196289
v 0.135742 0.443359 -0.202148
v 0.135742 0.841797 0.014648
v 0.135742 0.851562 0.014648
v 0.135742 0.867188 0.012695
v 0.135742 0.873047 0.010742
v 0.137695 0.015625 0.161133
v 0.137695 0.421875 -0.176758
v 0.137695 0.431641 -0.178711
v 0.137695 0.875000 -0.018555
v 0.137695 0.910156 0.047852
v 0.137695 0.912109 0.051758
v 0.139649 0.835938 -0.024414
v 0.139649 0.839844 -0.022461
v 0.139649 0.863281 -0.016602
v 0.139649 0.871094 -0.026367
v 0.139649 0.873047 0.000977
v 0.139649 0.875000 -0.024414
v 0.141601 0.000000 0.104492
v 0.141601 0.023438 0.104492
v 0.141602 0.416016 -0.186523
v 0.141602 0.425781 -0.190430
v 0.141602 0.832031 -0.000977
v 0.141602 0.837891 -0.000977
v 0.141602 0.861328 -0.000977
v 0.141602 0.873047 0.006836
v 0.141602 0.923828 0.040039
v 0.143554 0.037109 0.122070
v 0.143554 0.039063 0.141601
v 0.143555 0.843750 -0.024414
v 0.143555 0.843750 -0.026367
v 0.143555 0.855469 -0.022461
v 0.143555 0.861328 -0.010742
v 0.143555 0.869141 0.006836
v 0.143555 0.875000 -0.008789
v 0.143555 0.919922 -0.051758
v 0.143555 0.921875 -0.055664
v 0.145507 0.003906 0.143554
v 0.145508 0.833984 -0.012695
v 0.145508 0.839844 -0.012695
v 0.145508 0.839844 -0.026367
v 0.145508 0.841797 0.000977
v 0.145508 0.841797 0.002930
v 0.145508 0.843750 -0.026367
v 0.145508 0.847656 -0.026367
v 0.145508 0.853516 0.002930
v 0.145508 0.867188 -0.018555
v 0.147461 0.001953 0.124023
v 0.147461 0.837891 0.002930
v 0.147461 0.839844 0.002930
v 0.147461 0.843750 0.002930
v 0.147461 0.855469 -0.010742
v 0.147461 0.865234 -0.000977
v 0.147461 0.937500 -0.022461
v 0.149414 0.027344 0.143554
v 0.149414 0.843750 -0.012695
v 0.149414 0.865234 -0.010742
v 0.151367 0.015625 0.145508
v 0.151367 0.025391 0.124023
v 0.151367 0.847656 -0.012695
v 0.151367 0.933594 0.018555
v 0.153320 0.013672 0.124023
v 0.153320 0.839844 -0.012695
v 0.153320 0.843750 -0.012695
v 0.153320 0.910156 0.043945
v 0.153320 0.912109 0.047852
v 0.153320 0.937500 -0.002930
v 0.157227 0.921875 -0.047852
v 0.159180 0.923828 -0.049805
v 0.166992 0.914062 0.036133
v 0.166992 0.916016 0.040039
v 0.168945 0.923828 -0.038086
v 0.170899 0.927734 -0.038086
v 0.176758 0.917969 0.024414
v 0.176758 0.921875 0.026367
v 0.178711 0.925781 -0.022461
v 0.178711 0.929688 -0.024414
v 0.180664 0.923828 0.010742
v 0.182617 0.925781 -0.006836
v 0.182617 0.927734 0.010742
v 0.182617 0.929688 -0.006836
v -0.000975 0.095703 0.028320
v -0.000975 0.103516 0.026367
v -0.000975 0.097656 0.036133
v -0.000975 0.109375 0.032227
v -0.000976 0.119141 0.129883
v -0.000976 0.279297 0.147461
v -0.000976 0.417969 0.241211
v -0.000976 0.392578 0.213867
v -0.000976 0.839844 -0.155273
v -0.000976 0.867188 -0.114258
v -0.000976 0.929687 0.069336
v -0.000977 0.152344 -0.159180
v -0.000977 0.578125 -0.268555
v -0.000977 0.113281 -0.139648
v -0.000977 0.121094 -0.083008
v -0.002928 0.093750 0.030274
v -0.002928 0.265625 0.010742
v -0.002930 0.392578 0.186523
v -0.002930 0.394531 0.204101
v -0.002930 0.398438 0.221680
v -0.002930 0.402344 0.182617
v -0.002930 0.406250 0.192383
v -0.002930 0.488281 -0.149414
v -0.002930 0.503906 -0.153320
v -0.002930 0.527344 -0.243164
v -0.002930 0.580078 0.166992
v -0.002930 0.630859 0.208008
v -0.002930 0.667969 0.127930
v -0.002930 0.685547 0.219726
v -0.002930 0.859375 -0.112305
v -0.002930 0.984375 -0.004883
v -0.002930 0.000000 -0.161133
v -0.002930 0.156250 -0.133789
v -0.002930 0.460937 -0.133789
v -0.002930 0.464844 -0.137695
v -0.004881 0.027344 0.030274
v -0.004881 0.232422 0.010742
v -0.004882 0.109375 0.139648
v -0.004882 0.162109 0.149414
v -0.004883 0.099609 -0.137695
v -0.004883 0.150391 -0.081055
v -0.004883 0.169922 -0.161133
v -0.004883 0.351563 -0.145508
v -0.004883 0.353516 -0.145508
v -0.004883 0.484375 -0.139648
v -0.004883 0.517578 -0.143555
v -0.004883 0.681641 0.135742
v -0.004883 0.716797 0.200195
v -0.004883 0.847656 -0.157227
v -0.004883 0.847656 -0.159180
v -0.004883 0.945312 -0.040039
v -0.004883 0.984375 0.018555
v -0.006834 0.001953 0.028320
v -0.006834 0.289063 0.010742
v -0.006835 0.326172 0.145508
v -0.006836 0.072266 -0.116211
v -0.006836 0.103516 -0.088867
v -0.006836 0.123047 -0.135742
v -0.006836 0.339844 -0.153320
v -0.006836 0.343750 -0.159180
v -0.006836 0.398438 0.192383
v -0.006836 0.425781 -0.137695
v -0.006836 0.441406 0.243164
v -0.006836 0.451172 0.204101
v -0.006836 0.537109 -0.139649
v -0.006836 0.720703 -0.245117
v -0.006836 0.849609 -0.151367
v -0.006836 0.947266 -0.041992
v -0.006836 0.972656 0.043945
v -0.008788 0.070313 0.102539
v -0.008788 0.085937 0.129883
v -0.008788 0.089844 0.108398
v -0.008789 0.042969 -0.151367
v -0.008789 0.085938 -0.116211
v -0.008789 0.099609 -0.116211
v -0.008789 0.152344 -0.041992
v -0.008789 0.324219 0.149414
v -0.008789 0.326172 -0.147461
v -0.008789 0.337891 0.151367
v -0.008789 0.349609 0.145508
v -0.008789 0.498047 0.266601
v -0.008789 0.554688 -0.141602
v -0.008789 0.601562 0.264648
v -0.008789 0.619141 0.186523
v -0.008789 0.826172 0.149414
v -0.008789 0.871094 0.114258
v -0.010741 0.072266 0.110352
v -0.010742 0.068359 -0.092773
v -0.010742 0.130859 -0.041992
v -0.010742 0.173828 -0.043945
v -0.010742 0.330078 -0.163086
v -0.010742 0.337891 0.153320
v -0.010742 0.351562 0.141602
v -0.010742 0.419922 0.225586
v -0.010742 0.646484 0.233398
v -0.010742 0.666016 0.127930
v -0.010742 0.679687 0.127930
v -0.010742 0.849609 -0.155273
v -0.010742 0.904297 0.084961
v -0.010742 0.910156 0.096680
v -0.010742 0.937500 0.053711
v -0.010742 0.939453 -0.043945
v -0.010742 0.976562 -0.008789
v -0.012694 0.085938 0.112305
v -0.012695 0.101563 -0.116211
v -0.012695 0.134766 -0.161133
v -0.012695 0.449219 0.245117
v -0.012695 0.460938 0.204101
v -0.012695 0.578125 -0.153320
v -0.012695 0.607422 -0.268555
v -0.012695 0.619140 -0.165039
v -0.012695 0.636719 0.145508
v -0.012695 0.746094 -0.227539
v -0.012695 0.847656 -0.163086
v -0.012695 0.867187 0.122070
v -0.012695 0.919922 -0.079102
v -0.014647 0.048828 0.106445
v -0.014648 0.097656 -0.088867
v -0.014648 0.507813 0.176758
v -0.014648 0.605469 -0.143555
v -0.014648 0.781250 -0.219727
v -0.014648 0.832031 -0.192383
v -0.014648 0.851562 -0.147461
v -0.014648 0.851562 -0.153320
v -0.014648 0.851562 -0.161133
v -0.014648 0.914062 -0.069336
v -0.014648 0.939453 0.055664
v -0.014648 0.976562 0.018555
v -0.016601 0.023438 -0.079102
v -0.016601 0.070313 -0.137695
v -0.016601 0.082031 -0.116211
v -0.016601 0.083984 -0.088867
v -0.016601 0.119141 -0.051758
v -0.016601 0.281250 -0.155273
v -0.016601 0.447266 0.223633
v -0.016601 0.628906 -0.153320
v -0.016601 0.679687 -0.143555
v -0.016601 0.830078 -0.192383
v -0.016601 0.849609 -0.170898
v -0.018552 0.070313 0.034180
v -0.018554 0.003906 0.106445
v -0.018554 0.029297 0.108398
v -0.018555 0.093750 -0.141602
v -0.018555 0.101563 -0.090820
v -0.018555 0.380859 -0.141602
v -0.018555 0.650391 -0.141602
v -0.018555 0.671875 -0.139648
v -0.018555 0.802734 0.200195
v -0.018555 0.828125 0.159180
v -0.018555 0.833984 0.159180
v -0.018555 0.833984 0.161133
v -0.018555 0.849609 -0.172852
v -0.018555 0.859375 0.124023
v -0.018555 0.945312 -0.022461
v -0.020505 0.050781 0.034180
v -0.020508 0.082031 -0.139648
v -0.020508 0.099609 -0.149414
v -0.020508 0.115234 -0.155273
v -0.020508 0.257812 -0.155273
v -0.020507 0.326172 0.002930
v -0.020508 0.455078 0.225586
v -0.020508 0.644531 -0.143555
v -0.020508 0.677734 -0.129883
v -0.020508 0.832031 0.168945
v -0.020508 0.906250 0.106445
v -0.020508 0.916016 -0.092773
v -0.020508 0.921875 0.071289
v -0.022458 0.074219 0.030274
v -0.022458 0.154297 0.045899
v -0.022461 0.080078 -0.092773
v -0.022461 0.097656 -0.137695
v -0.022461 0.630859 0.262695
v -0.022461 0.814453 -0.202148
v -0.022461 0.833984 0.168945
v -0.022461 0.841797 0.143555
v -0.022461 0.851562 0.122070
v -0.022461 0.941406 0.036133
v -0.022461 0.947266 -0.024414
v -0.024411 0.089844 0.040039
v -0.024414 0.080078 -0.137695
v -0.024414 0.177734 0.114258
v -0.024414 0.242188 -0.147461
v -0.024414 0.458984 0.139648
v -0.024414 0.462891 0.143555
v -0.024414 0.486328 0.143555
v -0.024414 0.503906 0.153320
v -0.024414 0.529297 0.163086
v -0.024414 0.558594 -0.188477
v -0.024414 0.560547 -0.249023
v -0.024414 0.666016 -0.129883
v -0.024414 0.765625 0.219727
v -0.024414 0.835937 0.159180
v -0.024414 0.835937 0.161133
v -0.024414 0.835937 -0.176758
v -0.024414 0.837891 -0.176758
v -0.026365 0.087891 0.034180
v -0.026367 0.117188 -0.063477
v -0.026367 0.324219 -0.004883
v -0.026367 0.357422 -0.137695
v -0.026367 0.361328 -0.000976
v -0.026367 0.421875 0.139648
v -0.026367 0.521484 0.141602
v -0.026367 0.611328 0.168945
v -0.026367 0.925781 0.077148
v -0.026367 0.929687 -0.049805
v -0.026367 0.941406 0.038086
v -0.026367 0.943359 0.016601
v -0.026367 0.945312 -0.004883
v -0.028318 0.027344 0.034180
v -0.028318 0.169922 0.036133
v -0.028320 0.103516 -0.065430
v -0.028320 0.125000 -0.151367
v -0.028320 0.154297 -0.147461
v -0.028320 0.283203 -0.016602
v -0.028320 0.542969 0.274414
v -0.028320 0.554687 -0.217773
v -0.028320 0.832031 0.163086
v -0.028320 0.835937 0.166992
v -0.028320 0.837891 -0.174805
v -0.028320 0.845703 -0.165039
v -0.030271 0.068359 0.081055
v -0.030273 0.222656 -0.143555
v -0.030273 0.238281 0.122070
v -0.030273 0.259766 -0.018555
v -0.030273 0.349609 -0.153320
v -0.030273 0.376953 0.139648
v -0.030273 0.544922 0.133789
v -0.030273 0.644531 -0.268555
v -0.030273 0.826172 0.182617
v -0.030273 0.830078 0.163086
v -0.030273 0.898438 -0.104492
v -0.030273 0.935547 0.047851
v -0.030273 0.935547 -0.057617
v -0.030273 0.947266 -0.004883
v -0.032226 0.000000 -0.077148
v -0.032226 0.003906 0.034180
v -0.032226 0.054688 -0.073242
v -0.032226 0.085937 0.086914
v -0.032226 0.095703 -0.073242
v -0.032226 0.107422 0.034180
v -0.032226 0.113281 -0.069336
v -0.032226 0.146484 0.032227
v -0.032226 0.322266 0.143555
v -0.032226 0.335938 -0.159180
v -0.032226 0.658203 0.250977
v -0.032226 0.701172 0.239258
v -0.032226 0.724609 0.223633
v -0.032226 0.843750 -0.166992
v -0.032226 0.845703 -0.174805
v -0.032226 0.945312 0.016601
v -0.034179 0.080078 0.028320
v -0.034180 0.080078 -0.071289
v -0.034180 0.099609 -0.077149
v -0.034179 0.117187 0.114258
v -0.034179 0.189453 0.124024
v -0.034179 0.197266 0.028320
v -0.034180 0.208984 -0.153320
v -0.034179 0.228516 0.030274
v -0.034179 0.337891 0.147461
v -0.034179 0.349609 0.135742
v -0.034180 0.490235 0.200195
v -0.034180 0.490234 0.254883
v -0.034180 0.675781 -0.250977
v -0.034180 0.843750 -0.166992
v -0.034180 0.853516 -0.151367
v -0.034180 0.941406 -0.022461
v -0.036132 0.070313 0.053711
v -0.036132 0.070312 0.083008
v -0.036132 0.078125 0.114258
v -0.036132 0.082031 0.088867
v -0.036132 0.117187 0.026367
v -0.036132 0.251953 0.129883
v -0.036133 0.578125 0.143555
v -0.036133 0.591797 -0.249023
v -0.036133 0.839844 0.165039
v -0.036133 0.841797 0.157226
v -0.036133 0.843750 -0.174805
v -0.036133 0.884766 -0.120117
v -0.036133 0.888672 -0.106445
v -0.036133 0.941406 0.051758
v -0.036133 0.943359 0.012695
v -0.038085 0.050781 0.081055
v -0.038085 0.085937 0.059570
v -0.038085 0.091797 0.024414
v -0.038085 0.146484 0.118164
v -0.038085 0.167969 0.124023
v -0.038085 0.222656 0.129883
v -0.038085 0.259766 0.032227
v -0.038086 0.566406 0.153320
v -0.038086 0.580078 -0.217773
v -0.038086 0.837891 0.165039
v -0.038086 0.843750 -0.174805
v -0.038086 0.843750 -0.184570
v -0.038086 0.865234 -0.127930
v -0.038086 0.875000 -0.127930
v -0.038086 0.888672 0.112305
v -0.038086 0.921875 0.084961
v -0.040038 0.072266 0.051758
v -0.040039 0.076172 -0.077148
v -0.040038 0.093750 0.122070
v -0.040038 0.123047 0.120117
v -0.040038 0.132813 0.022461
v -0.040039 0.164062 -0.047852
v -0.040038 0.193359 0.088867
v -0.040039 0.195313 -0.163086
v -0.040038 0.224609 0.061524
v -0.040039 0.228516 -0.022461
v -0.040038 0.240234 0.030274
v -0.040039 0.611328 0.133789
v -0.040039 0.839844 0.161133
v -0.040039 0.843750 -0.184570
v -0.040039 0.947266 -0.026367
v -0.041991 0.029297 0.083008
v -0.041991 0.052734 0.051758
v -0.041992 0.099609 -0.159180
v -0.041992 0.117188 -0.165039
v -0.041992 0.144531 -0.032227
v -0.041992 0.205078 0.131836
v -0.041992 0.357422 -0.131836
v -0.041992 0.591797 -0.184570
v -0.041992 0.623047 -0.176758
v -0.041992 0.640625 0.137695
v -0.041992 0.841797 0.153320
v -0.041992 0.931641 -0.067383
v -0.043945 0.000000 -0.151367
v -0.043945 0.003906 0.081055
v -0.043945 0.025391 -0.151367
v -0.043945 0.029297 0.053711
v -0.043945 0.054688 -0.147461
v -0.043945 0.082031 0.057617
v -0.043945 0.132812 0.124024
v -0.043945 0.156250 0.125977
v -0.043945 0.191406 -0.032227
v -0.043945 0.273438 0.133789
v -0.043945 0.361328 -0.129883
v -0.043945 0.486328 0.229492
v -0.043945 0.521484 0.172851
v -0.043945 0.662109 0.129883
v -0.043945 0.671875 0.141602
v -0.043945 0.841797 0.159180
v -0.043945 0.843750 0.157226
v -0.043945 0.949219 0.014648
v -0.045898 0.003906 0.053711
v -0.045898 0.156250 0.063477
v -0.045898 0.281250 0.024414
v -0.045898 0.322266 0.129883
v -0.045898 0.345703 -0.141602
v -0.045898 0.347656 0.129883
v -0.045898 0.359375 -0.129883
v -0.045898 0.589844 0.276367
v -0.045898 0.671875 0.127930
v -0.045898 0.714844 -0.243164
v -0.045898 0.742187 -0.221680
v -0.045898 0.839844 0.166992
v -0.045898 0.841797 0.165039
v -0.045898 0.841797 0.165039
v -0.045898 0.841797 -0.172852
v -0.045898 0.843750 -0.163086
v -0.045898 0.880859 0.114258
v -0.047851 0.210937 0.096680
v -0.047851 0.333984 0.137695
v -0.047851 0.843750 -0.170898
v -0.049805 0.074219 -0.143555
v -0.049805 0.095703 -0.143555
v -0.049805 0.333984 -0.135742
v -0.049804 0.347656 0.127930
v -0.049805 0.349609 -0.139648
v -0.049805 0.351563 -0.143555
v -0.049805 0.658203 0.125976
v -0.049805 0.695312 -0.143555
v -0.049805 0.939453 0.055664
v -0.051758 0.078125 -0.149414
v -0.051758 0.091797 -0.149414
v -0.051758 0.095703 -0.063477
v -0.051758 0.171875 -0.168945
v -0.051757 0.324219 0.137695
v -0.051757 0.335938 0.137695
v -0.051758 0.636719 0.139648
v -0.051758 0.769531 -0.208008
v -0.051758 0.839844 -0.178711
v -0.051758 0.841797 0.174805
v -0.051758 0.841797 -0.170898
v -0.051758 0.876953 0.124023
v -0.053711 0.099609 -0.071289
v -0.053710 0.105469 0.057617
v -0.053710 0.105469 0.086914
v -0.053710 0.148437 0.057617
v -0.053711 0.156250 -0.149414
v -0.053710 0.199219 0.057617
v -0.053710 0.234375 0.063477
v -0.053710 0.251953 0.096680
v -0.053710 0.337891 0.141602
v -0.053711 0.339844 -0.151367
v -0.053710 0.349609 0.127930
v -0.053711 0.464844 -0.122070
v -0.053711 0.609375 0.159180
v -0.053711 0.650391 -0.159180
v -0.053711 0.839844 -0.178711
v -0.053711 0.945312 -0.032227
v -0.055663 0.070312 0.086914
v -0.055663 0.072266 0.055664
v -0.055664 0.078125 -0.061524
v -0.055664 0.126953 -0.028320
v -0.055664 0.144531 -0.166992
v -0.055663 0.226562 0.100586
v -0.055664 0.435547 -0.120117
v -0.055664 0.468750 -0.127930
v -0.055664 0.486328 -0.129883
v -0.055664 0.673828 -0.145508
v -0.055664 0.839844 0.176758
v -0.055664 0.949219 0.014648
v -0.057617 0.074219 -0.067383
v -0.057616 0.177734 0.090820
v -0.057617 0.248047 -0.133789
v -0.057617 0.365234 -0.002929
v -0.057617 0.539062 -0.122070
v -0.057617 0.628906 -0.247070
v -0.057617 0.640625 -0.202148
v -0.057617 0.701172 -0.149414
v -0.057617 0.820312 0.194336
v -0.057617 0.822266 0.194336
v -0.057617 0.828125 -0.174805
v -0.057617 0.867187 0.129883
v -0.059569 0.117187 0.055664
v -0.059570 0.123047 -0.038086
v -0.059570 0.132813 -0.163086
v -0.059570 0.148437 0.088867
v -0.059570 0.263672 -0.141602
v -0.059570 0.277344 0.061524
v -0.059570 0.287109 -0.143555
v -0.059570 0.515625 0.198242
v -0.059570 0.519531 -0.129883
v -0.059570 0.527344 0.262695
v -0.059570 0.609375 -0.213867
v -0.059570 0.632812 0.272461
v -0.059570 0.660156 -0.229492
v -0.059570 0.830078 0.176758
v -0.059570 0.857422 0.129883
v -0.061523 0.000000 -0.069336
v -0.061523 0.025391 -0.069336
v -0.061523 0.117187 0.088867
v -0.061523 0.123047 -0.051758
v -0.061523 0.126953 -0.153320
v -0.061523 0.160156 0.090820
v -0.061523 0.164062 0.057617
v -0.061523 0.253906 0.061524
v -0.061523 0.490234 -0.139648
v -0.061523 0.828125 0.176758
v -0.061523 0.830078 -0.172852
v -0.061523 0.837891 0.165039
v -0.061523 0.845703 0.151367
v -0.063476 0.083984 0.088867
v -0.063476 0.085937 0.053711
v -0.063476 0.119141 -0.057617
v -0.063476 0.263672 -0.041992
v -0.063476 0.273438 0.098633
v -0.063476 0.320313 0.018555
v -0.063476 0.357422 -0.022461
v -0.063476 0.503906 -0.143555
v -0.063476 0.560547 -0.127930
v -0.063476 0.687500 -0.143555
v -0.063476 0.822266 -0.184570
v -0.063476 0.824219 -0.172852
v -0.063476 0.826172 -0.178711
v -0.063476 0.830078 0.174805
v -0.063476 0.830078 -0.172852
v -0.063476 0.837890 0.165039
v -0.063476 0.912109 -0.081055
v -0.065429 0.113281 -0.053711
v -0.065429 0.132813 0.053711
v -0.065429 0.287109 -0.034180
v -0.065430 0.664062 0.252930
v -0.065430 0.771484 0.217773
v -0.065430 0.804687 0.200195
v -0.065430 0.822266 -0.178711
v -0.065430 0.822266 -0.184570
v -0.065430 0.824219 -0.172852
v -0.065430 0.835937 0.165039
v -0.065430 0.904297 0.090820
v -0.067383 0.105469 -0.055664
v -0.067383 0.107422 -0.157227
v -0.067383 0.119141 -0.163086
v -0.067383 0.234375 -0.043945
v -0.067383 0.326172 -0.026367
v -0.067382 0.355469 0.016602
v -0.067383 0.382813 -0.106445
v -0.067383 0.708984 0.243164
v -0.067383 0.736328 0.225586
v -0.067383 0.740234 -0.188477
v -0.067383 0.794922 -0.186523
v -0.067383 0.835937 0.165039
v -0.067383 0.837891 0.172851
v -0.069335 0.132812 0.090820
v -0.069336 0.236328 -0.145508
v -0.069336 0.660156 -0.143555
v -0.069336 0.714844 -0.165039
v -0.071289 0.189453 -0.131836
v -0.071289 0.246094 -0.043945
v -0.071288 0.320313 0.098633
v -0.071289 0.607422 -0.139648
v -0.071289 0.630859 -0.151367
v -0.071289 0.691406 -0.219727
v -0.071289 0.718750 -0.202148
v -0.071289 0.833984 -0.157227
v -0.071289 0.835937 0.172851
v -0.073242 0.515625 0.231445
v -0.073242 0.583984 -0.141602
v -0.073242 0.667969 -0.188477
v -0.073242 0.835937 0.172851
v -0.073242 0.888672 -0.092774
v -0.075195 0.099609 -0.065430
v -0.075195 0.205078 -0.139649
v -0.075195 0.234375 -0.075195
v -0.075195 0.318359 0.059570
v -0.075195 0.335937 -0.106445
v -0.075195 0.427734 0.122070
v -0.075195 0.470703 0.124024
v -0.075195 0.548828 0.174805
v -0.075195 0.564453 0.258789
v -0.075195 0.693359 -0.174805
v -0.075195 0.808594 -0.174805
v -0.075195 0.810547 -0.174805
v -0.075195 0.814453 -0.166992
v -0.075195 0.837891 0.180664
v -0.077148 0.048828 -0.063477
v -0.077148 0.095703 -0.057617
v -0.077148 0.097656 -0.137695
v -0.077148 0.162109 -0.067383
v -0.077148 0.203125 -0.045899
v -0.077148 0.375000 -0.028320
v -0.077148 0.376953 -0.002929
v -0.077148 0.474609 0.127930
v -0.077148 0.689453 0.133789
v -0.077148 0.814453 -0.166992
v -0.077148 0.835937 0.180664
v -0.077148 0.853516 -0.125977
v -0.079101 0.072266 -0.137695
v -0.079101 0.078125 -0.057617
v -0.079101 0.175781 -0.055664
v -0.079101 0.220703 -0.147461
v -0.079101 0.265625 -0.108398
v -0.079101 0.289063 -0.071289
v -0.079101 0.332031 -0.067383
v -0.079101 0.369141 0.104492
v -0.079101 0.501953 0.125977
v -0.079101 0.550781 0.110352
v -0.079101 0.802734 -0.180664
v -0.079101 0.806641 -0.168945
v -0.079101 0.806641 -0.174805
v -0.079101 0.808594 -0.174805
v -0.079101 0.835937 0.157226
v -0.081054 0.044922 -0.143555
v -0.081054 0.072266 -0.065430
v -0.081054 0.078125 -0.143555
v -0.081054 0.093750 -0.143555
v -0.081055 0.289063 -0.108399
v -0.081055 0.703125 -0.155273
v -0.081055 0.800781 -0.180664
v -0.081055 0.806641 -0.166992
v -0.081055 0.835937 0.166992
v -0.081055 0.863281 -0.124023
v -0.081055 0.880859 0.094726
v -0.081055 0.880859 -0.108398
v -0.083008 0.000000 -0.141602
v -0.083008 0.025391 -0.145508
v -0.083008 0.207031 -0.106445
v -0.083008 0.363281 -0.065430
v -0.083007 0.373047 0.020508
v -0.083007 0.529297 0.124023
v -0.083008 0.701172 -0.163086
v -0.083008 0.703125 -0.163086
v -0.083008 0.916016 0.057617
v -0.083008 0.921875 -0.043945
v -0.084961 0.185547 -0.143555
v -0.084961 0.226562 -0.112305
v -0.084961 0.246094 -0.077149
v -0.084961 0.513672 0.131836
v -0.084961 0.593750 0.256836
v -0.084961 0.615234 0.163086
v -0.084961 0.667969 0.133789
v -0.084961 0.695312 0.137695
v -0.084961 0.707031 -0.147461
v -0.084961 0.833984 0.163086
v -0.086914 0.244141 -0.114258
v -0.086914 0.267578 -0.073242
v -0.086914 0.435547 -0.096680
v -0.086914 0.542969 0.200195
v -0.086914 0.712891 -0.159180
v -0.086914 0.757812 -0.182617
v -0.086914 0.832031 0.170898
v -0.088867 0.156250 -0.055664
v -0.088867 0.390625 -0.063477
v -0.088867 0.583984 0.166992
v -0.088867 0.642578 0.143555
v -0.088867 0.677734 0.125977
v -0.088867 0.710938 -0.151367
v -0.088867 0.712891 -0.151367
v -0.088867 0.712891 -0.159180
v -0.088867 0.724609 -0.163086
v -0.088867 0.832031 0.170898
v -0.090820 0.130859 -0.059570
v -0.090820 0.164063 -0.139648
v -0.090820 0.353516 0.057617
v -0.090820 0.466797 -0.096680
v -0.090820 0.710937 -0.159180
v -0.090820 0.712891 -0.166992
v -0.090820 0.792969 -0.170898
v -0.090820 0.792969 -0.178711
v -0.090820 0.925781 0.008789
v -0.092773 0.000000 -0.065430
v -0.092773 0.025391 -0.067383
v -0.092773 0.175781 -0.147461
v -0.092773 0.212891 -0.075195
v -0.092773 0.468750 -0.100586
v -0.092773 0.548828 0.231445
v -0.092773 0.656250 0.125977
v -0.092773 0.791016 -0.163086
v -0.092773 0.792969 -0.163086
v -0.092773 0.792969 -0.178711
v -0.092773 0.820312 0.165039
v -0.092773 0.873047 0.106445
v -0.094726 0.115234 -0.143555
v -0.094726 0.132813 -0.139649
v -0.094726 0.138672 -0.051758
v -0.094726 0.488281 -0.100586
v -0.094726 0.623047 0.116211
v -0.094726 0.779297 -0.168945
v -0.094726 0.785156 -0.165039
v -0.094726 0.791016 -0.170898
v -0.096679 0.111328 -0.055664
v -0.096679 0.128906 -0.149414
v -0.096679 0.390625 -0.032227
v -0.096680 0.570312 0.200195
v -0.096679 0.585937 0.122070
v -0.096680 0.664062 0.239258
v -0.096680 0.726562 -0.163086
v -0.096680 0.726562 -0.165039
v -0.096680 0.734375 0.209961
v -0.096680 0.761719 0.196289
v -0.096680 0.781250 -0.172852
v -0.096680 0.781250 -0.180664
v -0.096680 0.783203 -0.172852
v -0.096680 0.785156 -0.165039
v -0.096680 0.822265 0.163086
v -0.098633 0.123047 -0.051758
v -0.098633 0.171875 -0.084961
v -0.098633 0.654297 -0.145508
v -0.098633 0.728515 -0.172852
v -0.098633 0.730469 -0.161133
v -0.098633 0.761719 -0.170898
v -0.098633 0.763672 -0.170898
v -0.098633 0.767578 -0.168945
v -0.098633 0.779297 -0.178711
v -0.098633 0.818359 0.161133
v -0.098633 0.820312 0.168945
v -0.098633 0.820312 0.168945
v -0.098633 0.845703 0.118164
v -0.098633 0.857422 0.118164
v -0.100586 0.099609 -0.073242
v -0.100586 0.140625 -0.145508
v -0.100586 0.144531 -0.045899
v -0.100586 0.152344 -0.147461
v -0.100585 0.384766 0.055664
v -0.100585 0.392578 -0.004883
v -0.100586 0.632812 0.252930
v -0.100586 0.708984 0.149414
v -0.100586 0.726562 -0.170898
v -0.100586 0.732422 -0.165039
v -0.100586 0.734375 -0.166992
v -0.100586 0.740234 -0.159180
v -0.100586 0.742187 -0.159180
v -0.100586 0.751953 -0.161133
v -0.100586 0.751953 -0.168945
v -0.100586 0.761719 -0.180664
v -0.100586 0.816406 0.166992
v -0.100586 0.816406 0.166992
v -0.100586 0.816406 0.174805
v -0.100586 0.826172 0.147461
v -0.102539 0.097656 -0.122070
v -0.102539 0.195313 -0.110352
v -0.102539 0.533203 -0.098633
v -0.102539 0.580078 0.231445
v -0.102539 0.748047 -0.176758
v -0.102539 0.750000 -0.168945
v -0.102539 0.750000 -0.176758
v -0.102539 0.759766 -0.180664
v -0.102539 0.769531 -0.170898
v -0.102539 0.771484 -0.172852
v -0.102539 0.771484 -0.176758
v -0.102539 0.814453 0.172851
v -0.104492 0.070313 -0.122070
v -0.104492 0.095703 -0.067383
v -0.104492 0.392578 0.022461
v -0.104492 0.492188 -0.108398
v -0.104492 0.705078 0.229492
v -0.104492 0.771484 -0.176758
v -0.104492 0.810547 -0.139648
v -0.106445 0.070313 -0.075195
v -0.106445 0.431641 0.092774
v -0.106445 0.566406 -0.100586
v -0.106445 0.630859 0.182617
v -0.106445 0.732422 0.172852
v -0.106445 0.787109 0.172851
v -0.108398 0.048828 -0.075195
v -0.108398 0.076172 -0.069336
v -0.108398 0.093750 -0.125977
v -0.108398 0.164062 -0.081055
v -0.108398 0.431641 -0.055664
v -0.108398 0.470703 0.088867
v -0.108398 0.507812 -0.110352
v -0.108398 0.685547 -0.143555
v -0.108398 0.697266 0.137695
v -0.108398 0.767578 -0.163086
v -0.108398 0.808594 0.153320
v -0.108398 0.894531 -0.051758
v -0.110351 0.048828 -0.124024
v -0.110351 0.076172 -0.125977
v -0.110351 0.138672 -0.112305
v -0.110351 0.181641 -0.079102
v -0.110351 0.181641 -0.112305
v -0.110351 0.701172 0.129883
v -0.110351 0.800781 0.153320
v -0.110351 0.802734 0.161133
v -0.110351 0.802734 0.161133
v -0.112304 0.136719 -0.084961
v -0.112304 0.169922 -0.112305
v -0.112304 0.474609 0.090820
v -0.112304 0.498047 0.086914
v -0.112305 0.685547 0.155273
v -0.112305 0.695312 0.145508
v -0.112305 0.697266 0.145508
v -0.112305 0.890625 0.053711
v -0.114258 0.000000 -0.125977
v -0.114258 0.025391 -0.077149
v -0.114258 0.025391 -0.127930
v -0.114258 0.097656 -0.096680
v -0.114258 0.117188 -0.116211
v -0.114258 0.466797 -0.055664
v -0.114258 0.601562 0.192383
v -0.114258 0.660156 0.166992
v -0.114258 0.705078 0.131836
v -0.114258 0.707031 0.133789
v -0.114258 0.794922 0.165039
v -0.114258 0.800781 0.151367
v -0.114258 0.800781 0.159180
v -0.114258 0.800781 0.159180
v -0.114258 0.828125 -0.104492
v -0.116211 0.000000 -0.077149
v -0.116211 0.117188 -0.084961
v -0.116211 0.146484 -0.081055
v -0.116211 0.148438 -0.114258
v -0.116211 0.431641 -0.006836
v -0.116211 0.650391 0.209961
v -0.116211 0.707031 0.141602
v -0.116211 0.710937 0.182617
v -0.116211 0.728515 -0.153320
v -0.116211 0.794922 0.163086
v -0.116211 0.863281 -0.094727
v -0.118164 0.070313 -0.098633
v -0.118164 0.470703 -0.057617
v -0.118164 0.546875 0.077148
v -0.118164 0.718750 0.143555
v -0.118164 0.841797 -0.104492
v -0.120117 0.093750 -0.096680
v -0.120117 0.132813 -0.116211
v -0.120117 0.433594 0.041992
v -0.120117 0.466797 -0.008789
v -0.120117 0.492188 -0.057617
v -0.120117 0.597656 -0.110352
v -0.120117 0.619141 0.223633
v -0.120117 0.705078 0.139648
v -0.122070 0.074219 -0.096680
v -0.122070 0.130859 -0.081055
v -0.122070 0.468750 0.040039
v -0.122070 0.503906 0.090820
v -0.122070 0.685547 0.198242
v -0.122070 0.707031 0.147461
v -0.122070 0.896484 0.000977
v -0.124023 0.000000 -0.100586
v -0.124023 0.025391 -0.098633
v -0.124023 0.048828 -0.098633
v -0.124023 0.154297 -0.079102
v -0.124023 0.470703 -0.008789
v -0.124023 0.542969 -0.057617
v -0.124023 0.628906 -0.110352
v -0.124023 0.648437 0.114258
v -0.124023 0.751953 0.163086
v -0.124023 0.785156 0.145508
v -0.124023 0.787109 0.153320
v -0.125976 0.158203 -0.114258
v -0.125976 0.472656 0.040039
v -0.125976 0.492188 -0.008789
v -0.125976 0.519531 0.090820
v -0.125976 0.720703 0.143555
v -0.125976 0.720703 0.145508
v -0.125976 0.773437 0.149414
v -0.125976 0.779297 0.145508
v -0.125976 0.779297 0.147461
v -0.125976 0.785156 0.153320
v -0.125976 0.787109 0.161133
v -0.125976 0.873047 -0.057617
v -0.127929 0.494141 0.038086
v -0.127930 0.724609 0.139648
v -0.127930 0.724609 0.141602
v -0.127930 0.736328 0.139648
v -0.127930 0.787109 0.161133
v -0.127930 0.804687 0.122070
v -0.127930 0.857422 0.083008
v -0.129883 0.496094 -0.061523
v -0.129883 0.683594 0.120117
v -0.129883 0.728516 0.145508
v -0.129883 0.734375 0.139648
v -0.129883 0.746094 0.139648
v -0.129883 0.746094 0.141602
v -0.129883 0.773437 -0.125977
v -0.129883 0.775391 0.153320
v -0.129883 0.777344 0.153320
v -0.129883 0.824219 0.088867
v -0.129883 0.869141 0.049805
v -0.131836 0.582031 -0.059570
v -0.131836 0.720703 0.151367
v -0.131836 0.722656 0.151367
v -0.131836 0.726562 0.143555
v -0.131836 0.744141 0.149414
v -0.131836 0.755859 0.151367
v -0.131836 0.757812 0.151367
v -0.131836 0.761719 0.149414
v -0.131836 0.775391 0.161133
v -0.131836 0.810547 -0.077148
v -0.133789 0.542969 -0.010742
v -0.133789 0.585937 0.083008
v -0.133789 0.679687 -0.110352
v -0.133789 0.742187 0.147461
v -0.133789 0.744141 0.147461
v -0.133789 0.765625 0.151367
v -0.133789 0.773437 0.159180
v -0.133789 0.835938 0.088867
v -0.135742 0.498047 -0.010742
v -0.135742 0.513672 -0.061523
v -0.135742 0.742187 0.155273
v -0.135742 0.744141 0.155273
v -0.135742 0.753906 0.161133
v -0.135742 0.763672 0.151367
v -0.137695 0.500000 0.038086
v -0.137695 0.626953 0.084961
v -0.137695 0.626953 -0.059570
v -0.137695 0.753906 0.159180
v -0.137695 0.761719 0.141602
v -0.137695 0.765625 0.155273
v -0.137695 0.765625 0.157226
v -0.139648 0.626953 -0.012695
v -0.139648 0.794922 -0.053711
v -0.139648 0.873047 -0.002930
v -0.141601 0.513672 -0.010742
v -0.141601 0.722656 0.129883
v -0.141601 0.730469 -0.114258
v -0.141601 0.779297 -0.088867
v -0.143554 0.515625 0.038086
v -0.143554 0.546875 0.036133
v -0.143554 0.582031 -0.012695
v -0.143554 0.583984 0.034180
v -0.143554 0.626953 0.034180
v -0.143555 0.806641 0.057617
v -0.143555 0.826172 -0.079102
v -0.147461 0.779297 -0.032227
v -0.147461 0.792969 0.032226
v -0.149414 0.677734 0.083008
v -0.149414 0.677734 -0.061524
v -0.149414 0.767578 0.102539
v -0.149414 0.773438 -0.012695
v -0.149414 0.851562 -0.065430
v -0.151367 0.677734 -0.014649
v -0.151367 0.777344 0.006836
v -0.153320 0.822266 0.059570
v -0.155273 0.726562 -0.012695
v -0.155273 0.728516 -0.061524
v -0.155273 0.775391 0.065430
v -0.157226 0.675781 0.034180
v -0.157226 0.847656 0.047851
v -0.159180 0.724609 0.088867
v -0.161133 0.783203 -0.034180
v -0.161133 0.812500 -0.057617
v -0.163086 0.726562 0.034180
v -0.165039 0.783203 0.008789
v -0.166992 0.779297 -0.012695
v -0.166992 0.853516 -0.008789
v -0.168945 0.808594 0.036133
v -0.168945 0.830078 -0.047852
v -0.174805 0.828125 0.024414
v -0.176758 0.802734 -0.038086
v -0.180664 0.802734 0.010742
v -0.182617 0.800781 -0.012695
v -0.182617 0.828125 -0.012695
vt 0.562988 0.219727
vt 0.593750 0.199707
vt 0.577637 0.227295
vt 0.633057 0.164307
vt 0.604004 0.174805
vt 0.593506 0.177734
vt 0.627930 0.220947
vt 0.609863 0.250977
vt 0.575684 0.196289
vt 0.554199 0.156494
vt 0.561035 0.250000
vt 0.593018 0.279785
vt 0.552979 0.243408
vt 0.548340 0.268311
vt 0.557129 0.274902
vt 0.585693 0.305908
vt 0.575195 0.328369
vt 0.542969 0.291504
vt 0.525635 0.247070
vt 0.552734 0.298828
vt 0.548340 0.319092
vt 0.566650 0.358887
vt 0.531494 0.229736
vt 0.503174 0.232178
vt 0.501953 0.222168
vt 0.535400 0.208252
vt 0.506348 0.212158
vt 0.541260 0.180176
vt 0.523926 0.164062
vt 0.527344 0.151855
vt 0.516602 0.160400
vt 0.512695 0.168457
vt 0.514893 0.176270
vt 0.512939 0.190186
vt 0.504883 0.187744
vt 0.508057 0.202148
vt 0.497803 0.200439
vt 0.498047 0.204834
vt 0.489502 0.200684
vt 0.484863 0.207275
vt 0.486816 0.213867
vt 0.484131 0.218506
vt 0.470947 0.210449
vt 0.473877 0.217285
vt 0.479004 0.202148
vt 0.472412 0.194092
vt 0.464111 0.196289
vt 0.467529 0.204346
vt 0.455566 0.206543
vt 0.454834 0.211182
vt 0.448730 0.208740
vt 0.452148 0.200439
vt 0.449219 0.192383
vt 0.443359 0.200195
vt 0.969727 0.664795
vt 0.988037 0.661621
vt 0.961670 0.675537
vt 0.979980 0.678467
vt 0.973877 0.657959
vt 0.960205 0.665527
vt 0.956543 0.688477
vt 0.955566 0.672119
vt 0.948975 0.663818
vt 0.953857 0.687744
vt 0.958252 0.695801
vt 0.953369 0.700684
vt 0.957764 0.713135
vt 0.947754 0.714355
vt 0.948730 0.681152
vt 0.947510 0.670166
vt 0.934082 0.658203
vt 0.943848 0.676758
vt 0.939941 0.681641
vt 0.926270 0.671631
vt 0.931641 0.664795
vt 0.920166 0.658203
vt 0.916260 0.665039
vt 0.653076 0.812256
vt 0.652100 0.839355
vt 0.636230 0.809326
vt 0.637695 0.841553
vt 0.610596 0.814453
vt 0.629395 0.785156
vt 0.611084 0.850342
vt 0.618164 0.860840
vt 0.624023 0.907471
vt 0.604248 0.874756
vt 0.597656 0.869629
vt 0.589111 0.847656
vt 0.597412 0.829590
vt 0.575439 0.830078
vt 0.579346 0.818115
vt 0.562256 0.823730
vt 0.584961 0.800293
vt 0.562988 0.816895
vt 0.549072 0.814697
vt 0.549805 0.808838
vt 0.568115 0.809326
vt 0.578369 0.804688
vt 0.565918 0.799072
vt 0.552246 0.802002
vt 0.556885 0.792480
vt 0.583008 0.788574
vt 0.566406 0.786621
vt 0.566162 0.781494
vt 0.579346 0.781982
vt 0.587891 0.781982
vt 0.607666 0.785156
vt 0.604004 0.780273
vt 0.623779 0.780518
vt 0.612061 0.779785
vt 0.606445 0.767578
vt 0.623779 0.773438
vt 0.629150 0.768555
vt 0.617920 0.770752
vt 0.615723 0.763428
vt 0.610107 0.759277
vt 0.604248 0.754639
vt 0.610352 0.751953
vt 0.626953 0.760742
vt 0.622314 0.752441
vt 0.632568 0.762695
vt 0.630615 0.748291
vt 0.629639 0.735596
vt 0.635254 0.733643
vt 0.640137 0.731445
vt 0.636475 0.746094
vt 0.640625 0.744873
vt 0.641113 0.967773
vt 0.627441 0.956055
vt 0.637207 0.948975
vt 0.629395 0.943115
vt 0.648926 0.975586
vt 0.650879 0.964111
vt 0.648193 0.952637
vt 0.659912 0.948975
vt 0.640869 0.931885
vt 0.654053 0.934814
vt 0.663818 0.933594
vt 0.649658 0.917725
vt 0.662109 0.917236
vt 0.654053 0.908936
vt 0.644531 0.913330
vt 0.642578 0.905518
vt 0.635010 0.913086
vt 0.634521 0.928223
vt 0.627441 0.927246
vt 0.624756 0.936768
vt 0.950439 0.065430
vt 0.937256 0.057617
vt 0.949951 0.049072
vt 0.959961 0.066650
vt 0.938721 0.045898
vt 0.929199 0.043701
vt 0.924805 0.055176
vt 0.920166 0.044434
vt 0.914307 0.053955
vt 0.917236 0.030518
vt 0.927246 0.029541
vt 0.914795 0.012939
vt 0.925537 0.013428
vt 0.932617 0.004150
vt 0.930908 0.012451
vt 0.941162 0.008301
vt 0.937012 0.029785
vt 0.947266 0.029541
vt 0.958252 0.026123
vt 0.958008 0.008789
vt 0.959717 0.047363
vt 0.967529 0.023438
vt 0.962891 0.004150
vt 0.975830 0.009277
vt 0.977539 0.020996
vt 0.969727 0.042480
vt 0.978760 0.037842
vt 0.975830 0.054688
vt 0.987793 0.044922
vt 0.970459 0.060059
vt 0.975830 0.064941
vt 0.971191 0.071533
vt 0.836914 0.060547
vt 0.815674 0.052490
vt 0.824951 0.041260
vt 0.809326 0.043213
vt 0.836914 0.030518
vt 0.858887 0.046631
vt 0.872070 0.076172
vt 0.884277 0.083252
vt 0.895752 0.055908
vt 0.886963 0.051025
vt 0.906982 0.040039
vt 0.912842 0.043213
vt 0.892822 0.032471
vt 0.904785 0.021484
vt 0.882080 0.014648
vt 0.893311 0.011475
vt 0.872559 0.017334
vt 0.876465 0.037109
vt 0.861572 0.020264
vt 0.852783 0.027588
vt 0.854492 0.014404
vt 0.841064 0.016602
vt 0.835449 0.014893
vt 0.828125 0.026855
vt 0.821533 0.006104
vt 0.817383 0.035645
vt 0.812256 0.013672
vt 0.805664 0.001465
vt 0.813965 0.000244
vt 0.795654 0.004639
vt 0.803467 0.020264
vt 0.798584 0.027344
vt 0.786865 0.013916
vt 0.773193 0.004639
vt 0.790039 0.032959
vt 0.795898 0.041992
vt 0.779785 0.022949
vt 0.770264 0.013672
vt 0.779785 0.035645
vt 0.782471 0.045166
vt 0.785400 0.051025
vt 0.772705 0.046143
vt 0.766846 0.036865
vt 0.773926 0.027100
vt 0.764160 0.019043
vt 0.765625 0.031494
vt 0.074219 0.988770
vt 0.073730 0.999756
vt 0.068359 0.990234
vt 0.065918 0.999756
vt 0.059570 0.989746
vt 0.269531 0.246826
vt 0.253174 0.253418
vt 0.235107 0.231445
vt 0.254395 0.220947
vt 0.225830 0.199463
vt 0.285400 0.240234
vt 0.247070 0.190186
vt 0.224609 0.176514
vt 0.274658 0.214600
vt 0.243408 0.162109
vt 0.219971 0.162598
vt 0.270264 0.191406
vt 0.267578 0.172852
vt 0.266357 0.147217
vt 0.241211 0.143066
vt 0.288330 0.149414
vt 0.273926 0.128662
vt 0.286865 0.173096
vt 0.296875 0.132324
vt 0.290527 0.191406
vt 0.307129 0.156982
vt 0.313965 0.141602
vt 0.318359 0.123535
vt 0.299561 0.112549
vt 0.322510 0.109375
vt 0.306152 0.177002
vt 0.341309 0.120361
vt 0.345947 0.109619
vt 0.336182 0.133545
vt 0.331055 0.151611
vt 0.325439 0.167969
vt 0.362305 0.121826
vt 0.365234 0.114990
vt 0.382080 0.121582
vt 0.384277 0.117188
vt 0.358887 0.128906
vt 0.379883 0.128174
vt 0.396729 0.126709
vt 0.392090 0.148682
vt 0.374756 0.146484
vt 0.354736 0.142334
vt 0.349121 0.159668
vt 0.365479 0.165771
vt 0.378906 0.168945
vt 0.392334 0.168213
vt 0.407471 0.150879
vt 0.406738 0.166260
vt 0.348633 0.187500
vt 0.368896 0.193115
vt 0.406494 0.188721
vt 0.423828 0.175049
vt 0.424072 0.191895
vt 0.422119 0.221680
vt 0.388428 0.190430
vt 0.404297 0.218262
vt 0.410400 0.246094
vt 0.386230 0.215576
vt 0.393799 0.241699
vt 0.411865 0.259521
vt 0.381836 0.236328
vt 0.393311 0.255371
vt 0.383301 0.252930
vt 0.373047 0.248291
vt 0.362305 0.233398
vt 0.365723 0.215332
vt 0.344482 0.227051
vt 0.355225 0.244629
vt 0.346436 0.210938
vt 0.323730 0.190674
vt 0.333496 0.213135
vt 0.322754 0.233398
vt 0.316406 0.214111
vt 0.302979 0.235107
vt 0.308350 0.193604
vt 0.295166 0.213135
vt 0.505615 0.166504
vt 0.488525 0.151367
vt 0.514404 0.147949
vt 0.495117 0.132324
vt 0.478027 0.144531
vt 0.479004 0.164062
vt 0.526855 0.129395
vt 0.546631 0.144775
vt 0.476318 0.151611
vt 0.474365 0.158447
vt 0.470703 0.149414
vt 0.469482 0.165771
vt 0.461670 0.151367
vt 0.469727 0.138184
vt 0.479736 0.123779
vt 0.457764 0.136230
vt 0.467285 0.125977
vt 0.443359 0.141602
vt 0.452148 0.166504
vt 0.424805 0.150146
vt 0.427734 0.169922
vt 0.410400 0.128906
vt 0.432129 0.120605
vt 0.422607 0.096191
vt 0.451660 0.116943
vt 0.443848 0.095215
vt 0.454346 0.104736
vt 0.438721 0.068848
vt 0.408691 0.080322
vt 0.419434 0.060303
vt 0.450439 0.065674
vt 0.434570 0.037354
vt 0.416260 0.056885
vt 0.468018 0.090088
vt 0.430664 0.033691
vt 0.412598 0.054199
vt 0.424805 0.031250
vt 0.439209 0.010742
vt 0.420166 0.027588
vt 0.432861 0.008545
vt 0.425049 0.008789
vt 0.447266 0.011963
vt 0.452393 0.015625
vt 0.447998 0.041992
vt 0.467529 0.019775
vt 0.462158 0.043945
vt 0.483643 0.027588
vt 0.490234 0.001953
vt 0.498779 0.010742
vt 0.473877 0.047607
vt 0.501709 0.041016
vt 0.524902 0.017822
vt 0.484863 0.063721
vt 0.520996 0.058105
vt 0.506836 0.080566
vt 0.536377 0.040283
vt 0.549316 0.016357
vt 0.558594 0.033936
vt 0.549805 0.058350
vt 0.572754 0.018555
vt 0.537598 0.076416
vt 0.595215 0.010498
vt 0.581543 0.000244
vt 0.589355 0.017822
vt 0.579590 0.025635
vt 0.595703 0.015381
vt 0.612305 0.002197
vt 0.591553 0.033936
vt 0.571777 0.045410
vt 0.586914 0.056885
vt 0.566650 0.072998
vt 0.584717 0.091309
vt 0.602051 0.075928
vt 0.551514 0.090820
vt 0.525879 0.098145
vt 0.571045 0.108887
vt 0.598145 0.104492
vt 0.539551 0.109375
vt 0.557373 0.129150
vt 0.580322 0.128174
vt 0.564453 0.145020
vt 0.509033 0.114990
vt 0.489258 0.101562
vt 0.259033 0.560547
vt 0.265869 0.560303
vt 0.270996 0.580322
vt 0.287109 0.599121
vt 0.279785 0.604736
vt 0.263428 0.583496
vt 0.269775 0.610107
vt 0.291748 0.624756
vt 0.245605 0.564209
vt 0.251709 0.587402
vt 0.246826 0.538818
vt 0.260986 0.541016
vt 0.222656 0.547607
vt 0.228516 0.569824
vt 0.253174 0.621094
vt 0.235840 0.593506
vt 0.272949 0.630615
vt 0.231689 0.627686
vt 0.286133 0.659668
vt 0.309326 0.632812
vt 0.260986 0.649170
vt 0.319092 0.676270
vt 0.318604 0.654785
vt 0.293213 0.680420
vt 0.297119 0.700928
vt 0.264160 0.677246
vt 0.273193 0.699707
vt 0.238525 0.655518
vt 0.241943 0.682861
vt 0.243896 0.706787
vt 0.222168 0.684570
vt 0.221924 0.710938
vt 0.210205 0.715820
vt 0.197021 0.695068
vt 0.201416 0.719482
vt 0.205811 0.691162
vt 0.214844 0.659912
vt 0.197266 0.664551
vt 0.188477 0.667969
vt 0.208496 0.632080
vt 0.193848 0.635254
vt 0.184082 0.637939
vt 0.181641 0.667969
vt 0.176270 0.639893
vt 0.195312 0.603760
vt 0.180908 0.605713
vt 0.168945 0.607910
vt 0.158447 0.611328
vt 0.168945 0.580322
vt 0.161133 0.579590
vt 0.215332 0.596924
vt 0.187256 0.579834
vt 0.208496 0.573730
vt 0.186035 0.562500
vt 0.166260 0.563965
vt 0.160400 0.561035
vt 0.144531 0.554688
vt 0.171631 0.548340
vt 0.200684 0.552734
vt 0.184570 0.536865
vt 0.166992 0.544189
vt 0.151367 0.542236
vt 0.128906 0.525879
vt 0.138672 0.520264
vt 0.203613 0.527588
vt 0.153564 0.517090
vt 0.143799 0.490967
vt 0.129150 0.492676
vt 0.173096 0.510254
vt 0.164551 0.486084
vt 0.179443 0.532227
vt 0.185303 0.483643
vt 0.197510 0.524902
vt 0.192383 0.505127
vt 0.190186 0.483154
vt 0.198242 0.504639
vt 0.210693 0.475830
vt 0.218262 0.500000
vt 0.224121 0.522949
vt 0.242676 0.514160
vt 0.236816 0.491211
vt 0.230713 0.468506
vt 0.255127 0.480469
vt 0.696045 0.428955
vt 0.712402 0.421143
vt 0.705566 0.445557
vt 0.691406 0.449219
vt 0.688477 0.395752
vt 0.706543 0.390625
vt 0.670410 0.426270
vt 0.669189 0.461670
vt 0.697021 0.477539
vt 0.683838 0.486572
vt 0.689209 0.365967
vt 0.707031 0.362793
vt 0.708252 0.344482
vt 0.655029 0.363281
vt 0.668945 0.334717
vt 0.658936 0.395264
vt 0.630859 0.396729
vt 0.643555 0.436279
vt 0.613525 0.359375
vt 0.605225 0.405518
vt 0.621826 0.419678
vt 0.640137 0.444824
vt 0.616699 0.432373
vt 0.597412 0.421631
vt 0.588379 0.391846
vt 0.580322 0.353027
vt 0.574463 0.387207
vt 0.562744 0.381348
vt 0.567871 0.395752
vt 0.552979 0.387695
vt 0.583496 0.400391
vt 0.561768 0.410645
vt 0.543457 0.407959
vt 0.559570 0.430176
vt 0.577637 0.415039
vt 0.586670 0.433594
vt 0.564941 0.453613
vt 0.606689 0.448975
vt 0.613525 0.473145
vt 0.635986 0.461914
vt 0.655029 0.495605
vt 0.617188 0.493896
vt 0.656738 0.516602
vt 0.676270 0.512451
vt 0.678467 0.520508
vt 0.660645 0.484131
vt 0.680664 0.503906
vt 0.682617 0.494141
vt 0.665283 0.469238
vt 0.694824 0.188721
vt 0.691162 0.216309
vt 0.677002 0.175781
vt 0.681885 0.146973
vt 0.651611 0.164551
vt 0.700195 0.158203
vt 0.660400 0.136475
vt 0.688232 0.119629
vt 0.709229 0.127686
vt 0.729004 0.152588
vt 0.733154 0.134766
vt 0.734375 0.129883
vt 0.750977 0.142334
vt 0.709961 0.120117
vt 0.735840 0.123535
vt 0.689453 0.114258
vt 0.710205 0.114258
vt 0.735107 0.119385
vt 0.734375 0.114746
vt 0.731445 0.106201
vt 0.711426 0.101807
vt 0.730713 0.100098
vt 0.690918 0.108154
vt 0.727295 0.088867
vt 0.669922 0.111816
vt 0.671631 0.105957
vt 0.673096 0.101562
vt 0.651611 0.097900
vt 0.655762 0.092773
vt 0.677002 0.091064
vt 0.648926 0.102295
vt 0.638184 0.128418
vt 0.624512 0.155029
vt 0.602539 0.148926
vt 0.617188 0.120361
vt 0.629150 0.092773
vt 0.608398 0.075195
vt 0.606689 0.079346
vt 0.632324 0.087158
vt 0.611816 0.070801
vt 0.636230 0.082031
vt 0.615234 0.067627
vt 0.619873 0.064941
vt 0.597168 0.055664
vt 0.642334 0.070801
vt 0.604004 0.050049
vt 0.623047 0.058105
vt 0.625488 0.056152
vt 0.659668 0.081787
vt 0.627930 0.049072
vt 0.614014 0.043945
vt 0.643066 0.058350
vt 0.640625 0.044189
vt 0.625488 0.033203
vt 0.639160 0.029785
vt 0.656006 0.064697
vt 0.658203 0.045166
vt 0.653076 0.037109
vt 0.651855 0.024658
vt 0.640625 0.017822
vt 0.631592 0.016846
vt 0.647217 0.014160
vt 0.637451 0.007080
vt 0.663818 0.029053
vt 0.665039 0.032227
vt 0.671875 0.023438
vt 0.670898 0.022217
vt 0.682861 0.018555
vt 0.680908 0.016113
vt 0.682373 0.023682
vt 0.690674 0.023926
vt 0.675781 0.028564
vt 0.690430 0.032715
vt 0.671875 0.036865
vt 0.681885 0.031250
vt 0.671143 0.052979
vt 0.677734 0.040039
vt 0.687012 0.043213
vt 0.698242 0.037354
vt 0.701416 0.031006
vt 0.682617 0.058350
vt 0.695312 0.046875
vt 0.704834 0.038818
vt 0.709961 0.038818
vt 0.702148 0.048340
vt 0.710938 0.049316
vt 0.714111 0.048584
vt 0.692871 0.062012
vt 0.707764 0.062744
vt 0.717529 0.060547
vt 0.727051 0.051025
vt 0.667725 0.070801
vt 0.676514 0.075684
vt 0.685791 0.077881
vt 0.693604 0.096680
vt 0.698242 0.080811
vt 0.712646 0.084229
vt 0.723389 0.073730
vt 0.740234 0.077148
vt 0.733398 0.062744
vt 0.748779 0.060059
vt 0.741455 0.050293
vt 0.737549 0.043945
vt 0.749512 0.044189
vt 0.750488 0.038330
vt 0.755859 0.058350
vt 0.756104 0.042480
vt 0.774170 0.065430
vt 0.751709 0.081299
vt 0.770020 0.086426
vt 0.793213 0.073486
vt 0.765137 0.105713
vt 0.745361 0.101562
vt 0.789551 0.094238
vt 0.807617 0.096436
vt 0.812256 0.075928
vt 0.765869 0.125000
vt 0.739502 0.115234
vt 0.749756 0.126953
vt 0.785156 0.114746
vt 0.804688 0.117920
vt 0.813232 0.096436
vt 0.818115 0.074951
vt 0.787598 0.138184
vt 0.772705 0.154297
vt 0.760986 0.150391
vt 0.830078 0.099609
vt 0.837402 0.076416
vt 0.809570 0.114746
vt 0.855225 0.081299
vt 0.785156 0.158691
vt 0.769531 0.176025
vt 0.781982 0.178467
vt 0.796387 0.182373
vt 0.802002 0.161133
vt 0.808350 0.141602
vt 0.814209 0.170410
vt 0.821289 0.152344
vt 0.820801 0.125244
vt 0.831787 0.135742
vt 0.810547 0.188965
vt 0.796387 0.205566
vt 0.828369 0.163330
vt 0.836914 0.149414
vt 0.843018 0.146240
vt 0.836426 0.131592
vt 0.824951 0.119629
vt 0.847900 0.105469
vt 0.861816 0.107422
vt 0.869629 0.082031
vt 0.850098 0.131836
vt 0.870117 0.109619
vt 0.856445 0.139404
vt 0.849121 0.162354
vt 0.842529 0.162842
vt 0.838623 0.190430
vt 0.845703 0.190674
vt 0.830322 0.188232
vt 0.834961 0.216309
vt 0.820312 0.187500
vt 0.826904 0.213379
vt 0.830566 0.239014
vt 0.822266 0.235107
vt 0.817871 0.211426
vt 0.809814 0.213623
vt 0.048584 0.103027
vt 0.044434 0.106934
vt 0.022949 0.090576
vt 0.026611 0.084229
vt 0.052734 0.098877
vt 0.054199 0.090576
vt 0.027100 0.078613
vt 0.081787 0.100830
vt 0.079346 0.107910
vt 0.056641 0.081055
vt 0.028320 0.070801
vt 0.082764 0.086182
vt 0.109619 0.104980
vt 0.081299 0.071777
vt 0.106934 0.081299
vt 0.140869 0.097900
vt 0.057129 0.073242
vt 0.054932 0.062256
vt 0.029541 0.061523
vt 0.078369 0.060547
vt 0.041016 0.048828
vt 0.022949 0.054443
vt 0.066162 0.044434
vt 0.029053 0.042725
vt 0.009033 0.047852
vt 0.037109 0.025635
vt 0.023438 0.030518
vt 0.019775 0.018311
vt 0.049316 0.034912
vt 0.060303 0.034180
vt 0.070557 0.029541
vt 0.092041 0.035889
vt 0.101562 0.057617
vt 0.111572 0.035400
vt 0.109619 0.028320
vt 0.127441 0.028564
vt 0.120117 0.049316
vt 0.104492 0.068848
vt 0.124512 0.056885
vt 0.141602 0.036865
vt 0.144043 0.023193
vt 0.129395 0.069824
vt 0.170654 0.081055
vt 0.186768 0.111084
vt 0.151855 0.052734
vt 0.202881 0.049561
vt 0.145264 0.043213
vt 0.176025 0.029541
vt 0.205811 0.006104
vt 0.193604 0.001953
vt 0.168701 0.023438
vt 0.185791 0.000244
vt 0.164795 0.016602
vt 0.171875 0.001953
vt 0.157715 0.012695
vt 0.007568 0.353271
vt 0.022217 0.334229
vt 0.032227 0.372803
vt 0.046387 0.348389
vt 0.000000 0.368896
vt 0.023682 0.388916
vt 0.014404 0.407471
vt 0.052246 0.404541
vt 0.070312 0.368896
vt 0.081543 0.347900
vt 0.060059 0.389404
vt 0.092041 0.382324
vt 0.098145 0.363037
vt 0.102051 0.354980
vt 0.087891 0.341797
vt 0.105713 0.350098
vt 0.091064 0.399170
vt 0.120361 0.357910
vt 0.109863 0.342041
vt 0.118164 0.364746
vt 0.116455 0.374268
vt 0.134766 0.372314
vt 0.115723 0.388916
vt 0.134766 0.381104
vt 0.114258 0.395996
vt 0.135986 0.390137
vt 0.154297 0.381348
vt 0.135986 0.363525
vt 0.125732 0.346191
vt 0.140625 0.352783
vt 0.152100 0.364990
vt 0.151855 0.373535
vt 0.164551 0.364258
vt 0.155762 0.385254
vt 0.176025 0.382080
vt 0.176758 0.386719
vt 0.157715 0.391602
vt 0.137207 0.397705
vt 0.159424 0.395752
vt 0.178467 0.390869
vt 0.139160 0.403076
vt 0.117432 0.404541
vt 0.161621 0.399658
vt 0.179199 0.395020
vt 0.141846 0.407471
vt 0.092529 0.410889
vt 0.118896 0.412598
vt 0.121094 0.418457
vt 0.169434 0.415039
vt 0.096924 0.424805
vt 0.070801 0.420654
vt 0.146484 0.419922
vt 0.099609 0.430908
vt 0.044678 0.423340
vt 0.071777 0.434814
vt 0.127686 0.431885
vt 0.026611 0.431641
vt 0.005127 0.425049
vt 0.016357 0.444580
vt 0.049316 0.439209
vt 0.031738 0.442383
vt 0.035889 0.456787
vt 0.018066 0.458252
vt 0.051025 0.449951
vt 0.072754 0.443359
vt 0.022461 0.462891
vt 0.012207 0.466797
vt 0.020996 0.485352
vt 0.048340 0.466797
vt 0.066895 0.476074
vt 0.087402 0.459229
vt 0.089355 0.486816
vt 0.107910 0.466553
vt 0.117432 0.476318
vt 0.110107 0.448975
vt 0.121338 0.455078
vt 0.146729 0.462646
vt 0.157227 0.481934
vt 0.135986 0.445068
vt 0.149170 0.432129
vt 0.155273 0.441162
vt 0.169922 0.451904
vt 0.182617 0.471924
vt 0.167969 0.424316
vt 0.190430 0.438721
vt 0.203369 0.453613
vt 0.203613 0.429199
vt 0.191406 0.421631
vt 0.212158 0.421631
vt 0.225586 0.427979
vt 0.214600 0.413330
vt 0.191162 0.408203
vt 0.198242 0.391357
vt 0.220703 0.401123
vt 0.238770 0.413086
vt 0.778320 0.326660
vt 0.780518 0.308105
vt 0.805420 0.322021
vt 0.758545 0.331055
vt 0.786621 0.352539
vt 0.812012 0.347168
vt 0.817871 0.373535
vt 0.793213 0.378906
vt 0.839844 0.341064
vt 0.822021 0.397217
vt 0.796387 0.402588
vt 0.800537 0.421631
vt 0.824219 0.417725
vt 0.799561 0.438232
vt 0.823486 0.434326
vt 0.799316 0.445557
vt 0.848389 0.433594
vt 0.822754 0.442627
vt 0.848877 0.420410
vt 0.848145 0.403320
vt 0.874756 0.409912
vt 0.874756 0.420898
vt 0.847900 0.384766
vt 0.876221 0.394775
vt 0.893555 0.422119
vt 0.846191 0.367920
vt 0.875977 0.381348
vt 0.900635 0.392578
vt 0.902832 0.403809
vt 0.901855 0.380127
vt 0.880615 0.366943
vt 0.868408 0.350586
vt 0.863281 0.333740
vt 0.856445 0.312500
vt 0.869873 0.309814
vt 0.834473 0.314941
vt 0.817383 0.293457
vt 0.837646 0.291748
vt 0.860840 0.290283
vt 0.870850 0.290283
vt 0.878906 0.293701
vt 0.876465 0.269043
vt 0.885254 0.274658
vt 0.871094 0.531006
vt 0.862305 0.508057
vt 0.866455 0.505371
vt 0.877686 0.508545
vt 0.870117 0.491943
vt 0.878906 0.527344
vt 0.880615 0.544434
vt 0.867920 0.554932
vt 0.884277 0.526123
vt 0.889893 0.541504
vt 0.888184 0.523926
vt 0.889648 0.538818
vt 0.881104 0.506104
vt 0.873291 0.489502
vt 0.914551 0.505859
vt 0.932129 0.518311
vt 0.906494 0.486084
vt 0.864746 0.473389
vt 0.860596 0.475342
vt 0.850098 0.461182
vt 0.852051 0.458496
vt 0.836914 0.447266
vt 0.901123 0.461182
vt 0.916260 0.480713
vt 0.921631 0.499023
vt 0.939209 0.489258
vt 0.937988 0.511230
vt 0.937744 0.177002
vt 0.937744 0.195557
vt 0.902588 0.172607
vt 0.904053 0.195312
vt 0.932617 0.212158
vt 0.936279 0.214844
vt 0.929199 0.233398
vt 0.901367 0.217773
vt 0.925781 0.231689
vt 0.916016 0.249512
vt 0.889404 0.233887
vt 0.892822 0.213623
vt 0.895020 0.194092
vt 0.892090 0.175537
vt 0.883057 0.156738
vt 0.874512 0.183105
vt 0.860352 0.165039
vt 0.849365 0.201172
vt 0.876709 0.210205
vt 0.859619 0.227051
vt 0.883545 0.228271
vt 0.866455 0.240967
vt 0.847900 0.240479
vt 0.873291 0.246338
vt 0.859619 0.259277
vt 0.896484 0.266846
vt 0.918945 0.251953
vt 0.938232 0.249512
vt 0.900146 0.271240
vt 0.930176 0.269775
vt 0.906250 0.271973
vt 0.919189 0.265869
vt 0.905029 0.283203
vt 0.896973 0.284424
vt 0.909668 0.275879
vt 0.917969 0.271973
vt 0.926270 0.275391
vt 0.912842 0.278320
vt 0.908447 0.284180
vt 0.906006 0.293213
vt 0.919434 0.277832
vt 0.915039 0.290771
vt 0.927002 0.294922
vt 0.936279 0.299072
vt 0.925781 0.281250
vt 0.933350 0.283691
vt 0.937744 0.288574
vt 0.944336 0.287354
vt 0.934814 0.280029
vt 0.939453 0.278320
vt 0.535645 0.407227
vt 0.546143 0.431396
vt 0.516357 0.434814
vt 0.524658 0.470215
vt 0.491211 0.446777
vt 0.483887 0.475342
vt 0.465088 0.456055
vt 0.476562 0.439453
vt 0.490967 0.423828
vt 0.468506 0.431641
vt 0.451904 0.448242
vt 0.512695 0.415039
vt 0.485596 0.414795
vt 0.451172 0.401611
vt 0.436768 0.418945
vt 0.509277 0.404297
vt 0.532471 0.396240
vt 0.445068 0.395508
vt 0.496094 0.367432
vt 0.465576 0.375732
vt 0.551758 0.375000
vt 0.530762 0.366455
vt 0.457275 0.374756
vt 0.531006 0.364014
vt 0.547363 0.363281
vt 0.432373 0.379395
vt 0.414795 0.396729
vt 0.415771 0.383301
vt 0.433594 0.374756
vt 0.458496 0.366699
vt 0.415527 0.380371
vt 0.402832 0.386963
vt 0.423340 0.347656
vt 0.451416 0.349854
vt 0.423340 0.337402
vt 0.495850 0.364258
vt 0.471436 0.354492
vt 0.439697 0.327881
vt 0.422607 0.322754
vt 0.432861 0.318848
vt 0.455566 0.327148
vt 0.447021 0.314209
vt 0.424072 0.310547
vt 0.431152 0.310059
vt 0.440674 0.306396
vt 0.433105 0.308105
vt 0.426025 0.304443
vt 0.435059 0.302734
vt 0.441162 0.304443
vt 0.436768 0.298096
vt 0.428223 0.295654
vt 0.449219 0.304443
vt 0.445557 0.288330
vt 0.463623 0.295166
vt 0.465576 0.319336
vt 0.485107 0.334717
vt 0.486084 0.303955
vt 0.483398 0.280518
vt 0.463135 0.274170
vt 0.505859 0.282227
vt 0.494873 0.260010
vt 0.507568 0.305908
vt 0.516846 0.281494
vt 0.517090 0.258789
vt 0.521484 0.255127
vt 0.530273 0.277832
vt 0.540283 0.316162
vt 0.519287 0.304688
vt 0.531006 0.318848
vt 0.533203 0.336670
vt 0.551270 0.345215
vt 0.525879 0.321289
vt 0.514160 0.310059
vt 0.520020 0.322510
vt 0.524170 0.339600
vt 0.522217 0.354248
vt 0.503662 0.359131
vt 0.503662 0.317139
vt 0.515381 0.351562
vt 0.519531 0.337891
vt 0.491455 0.334473
vt 0.494629 0.346680
vt 0.512695 0.347900
vt 0.504150 0.351318
vt 0.502197 0.354980
vt 0.489258 0.352051
vt 0.828857 0.931641
vt 0.853760 0.919189
vt 0.844482 0.937500
vt 0.822754 0.942139
vt 0.841064 0.947998
vt 0.834473 0.979980
vt 0.813965 0.976074
vt 0.860596 0.953125
vt 0.857178 0.985107
vt 0.884766 0.985352
vt 0.862549 0.942871
vt 0.881836 0.951416
vt 0.903320 0.945801
vt 0.879639 0.940918
vt 0.897705 0.935059
vt 0.918701 0.936523
vt 0.879150 0.926270
vt 0.898926 0.910889
vt 0.869141 0.891846
vt 0.152832 0.284180
vt 0.174805 0.276367
vt 0.177490 0.287598
vt 0.161621 0.319336
vt 0.197998 0.279541
vt 0.178711 0.337158
vt 0.195068 0.294922
vt 0.218262 0.288086
vt 0.220703 0.282471
vt 0.194092 0.341797
vt 0.206787 0.378174
vt 0.210449 0.317383
vt 0.250244 0.281738
vt 0.250488 0.277344
vt 0.233398 0.303955
vt 0.213135 0.363770
vt 0.212158 0.378906
vt 0.217529 0.350830
vt 0.222900 0.334473
vt 0.216064 0.364990
vt 0.224365 0.353271
vt 0.287109 0.361328
vt 0.291504 0.381104
vt 0.302979 0.379395
vt 0.228516 0.340088
vt 0.294678 0.331299
vt 0.307129 0.357910
vt 0.234131 0.328613
vt 0.233887 0.325195
vt 0.244141 0.318115
vt 0.242676 0.315430
vt 0.256348 0.310059
vt 0.253906 0.307373
vt 0.265625 0.296875
vt 0.269775 0.301514
vt 0.282959 0.283691
vt 0.281494 0.276855
vt 0.264893 0.255127
vt 0.295898 0.255859
vt 0.287354 0.284912
vt 0.301758 0.257080
vt 0.301758 0.277100
vt 0.298096 0.297852
vt 0.306152 0.332031
vt 0.320068 0.294678
vt 0.323486 0.266602
vt 0.314453 0.261475
vt 0.316895 0.312012
vt 0.332031 0.289551
vt 0.350342 0.272705
vt 0.332520 0.306885
vt 0.320068 0.331543
vt 0.353271 0.294678
vt 0.372803 0.274902
vt 0.372559 0.256104
vt 0.391357 0.261475
vt 0.343750 0.305664
vt 0.357910 0.312988
vt 0.348633 0.323242
vt 0.342041 0.315674
vt 0.340332 0.315430
vt 0.328857 0.319580
vt 0.343018 0.323730
vt 0.345947 0.334717
vt 0.349854 0.335205
vt 0.336426 0.322998
vt 0.340576 0.334473
vt 0.344727 0.342285
vt 0.344727 0.354248
vt 0.352051 0.351318
vt 0.343262 0.342041
vt 0.339111 0.335205
vt 0.329590 0.333740
vt 0.333008 0.346680
vt 0.337646 0.353760
vt 0.322510 0.346680
vt 0.337646 0.361816
vt 0.346436 0.365479
vt 0.333740 0.361572
vt 0.339844 0.371582
vt 0.322510 0.360352
vt 0.334229 0.370117
vt 0.321533 0.373535
vt 0.318604 0.385498
vt 0.327393 0.385010
vt 0.327881 0.395264
vt 0.331055 0.376221
vt 0.340332 0.380371
vt 0.336914 0.386719
vt 0.336426 0.392822
vt 0.339844 0.386719
vt 0.342529 0.381592
vt 0.346191 0.385010
vt 0.346191 0.394531
vt 0.348145 0.383057
vt 0.352051 0.378662
vt 0.350830 0.395264
vt 0.363037 0.395508
vt 0.786377 0.921387
vt 0.804443 0.923340
vt 0.798828 0.934082
vt 0.776367 0.934082
vt 0.781250 0.920410
vt 0.784424 0.903809
vt 0.747803 0.886230
vt 0.774414 0.932617
vt 0.767090 0.947266
vt 0.789795 0.962402
vt 0.755371 0.957275
vt 0.764404 0.944092
vt 0.750977 0.954834
vt 0.673096 0.997314
vt 0.677490 0.986328
vt 0.687988 0.997559
vt 0.689697 0.991699
vt 0.704590 0.999756
vt 0.680908 0.980713
vt 0.673584 0.970459
vt 0.677734 0.967773
vt 0.705322 0.996826
vt 0.683838 0.978760
vt 0.690430 0.990234
vt 0.721191 0.992432
vt 0.686523 0.977295
vt 0.683350 0.967041
vt 0.688965 0.953613
vt 0.692383 0.988525
vt 0.690430 0.975830
vt 0.692871 0.953125
vt 0.680420 0.945312
vt 0.690430 0.950195
vt 0.704590 0.944824
vt 0.705078 0.994629
vt 0.695801 0.985107
vt 0.706787 0.989502
vt 0.713623 0.960693
vt 0.718018 0.942383
vt 0.734863 0.959961
vt 0.733398 0.991699
vt 0.733154 0.997803
vt 0.735352 0.977783
vt 0.731689 0.976318
vt 0.697510 0.958496
vt 0.695068 0.961914
vt 0.691162 0.966797
vt 0.504883 0.938965
vt 0.503906 0.927246
vt 0.506592 0.927734
vt 0.507568 0.913086
vt 0.507812 0.938232
vt 0.514648 0.916992
vt 0.509521 0.950439
vt 0.508301 0.951660
vt 0.514648 0.962646
vt 0.512207 0.929199
vt 0.515625 0.947754
vt 0.520264 0.958984
vt 0.529541 0.964355
vt 0.513428 0.937744
vt 0.517578 0.936035
vt 0.525146 0.952148
vt 0.520752 0.944580
vt 0.533691 0.957520
vt 0.541748 0.956787
vt 0.539551 0.967529
vt 0.531006 0.950928
vt 0.524170 0.942139
vt 0.528564 0.946777
vt 0.534668 0.948242
vt 0.531006 0.945557
vt 0.546875 0.943604
vt 0.552734 0.950928
vt 0.532715 0.941650
vt 0.544922 0.934082
vt 0.552734 0.940430
vt 0.529785 0.935547
vt 0.522461 0.936035
vt 0.522949 0.930420
vt 0.530518 0.927979
vt 0.543945 0.924072
vt 0.550537 0.925781
vt 0.518555 0.929932
vt 0.520508 0.921631
vt 0.524902 0.924561
vt 0.527588 0.925049
vt 0.525635 0.920654
vt 0.525391 0.913818
vt 0.531250 0.921631
vt 0.536133 0.912842
vt 0.547607 0.914795
vt 0.520508 0.908691
vt 0.530029 0.903076
vt 0.514160 0.902588
vt 0.024414 0.308105
vt 0.020264 0.311768
vt 0.021729 0.302246
vt 0.031250 0.298340
vt 0.028809 0.313965
vt 0.025391 0.317871
vt 0.034180 0.317139
vt 0.042236 0.311279
vt 0.324219 0.999023
vt 0.316162 0.999023
vt 0.319824 0.993164
vt 0.324951 0.991455
vt 0.313721 0.993164
vt 0.310059 0.998047
vt 0.307861 0.993652
vt 0.302490 0.998535
vt 0.301270 0.991455
vt 0.930664 0.641357
vt 0.938232 0.639160
vt 0.935547 0.642822
vt 0.930176 0.653076
vt 0.945312 0.644531
vt 0.948730 0.639404
vt 0.951172 0.653320
vt 0.937988 0.649170
vt 0.945068 0.650391
vt 0.899170 0.981201
vt 0.900879 0.973877
vt 0.906006 0.979736
vt 0.894043 0.980713
vt 0.893311 0.987793
vt 0.912354 0.980225
vt 0.919189 0.986328
vt 0.921143 0.976562
vt 0.926514 0.982178
vt 0.094971 0.998535
vt 0.086914 0.999756
vt 0.089600 0.994873
vt 0.084961 0.994629
vt 0.081055 0.999268
vt 0.087891 0.989746
vt 0.078369 0.995361
vt 0.081299 0.989990
vt 0.970703 0.290039
vt 0.974854 0.289307
vt 0.975830 0.302734
vt 0.970459 0.299316
vt 0.949219 0.302979
vt 0.960205 0.291504
vt 0.960938 0.296631
vt 0.953613 0.296387
vt 0.948975 0.288818
vt 0.856934 0.802002
vt 0.877930 0.815918
vt 0.867188 0.817871
vt 0.869385 0.832031
vt 0.843506 0.799561
vt 0.842285 0.790527
vt 0.827148 0.799072
vt 0.861816 0.843506
vt 0.875732 0.851807
vt 0.859375 0.869873
vt 0.815186 0.809570
vt 0.805420 0.799316
vt 0.792725 0.811279
vt 0.839600 0.869141
vt 0.796631 0.832275
vt 0.780029 0.829834
vt 0.772217 0.818359
vt 0.780762 0.855957
vt 0.833252 0.904541
vt 0.861084 0.892578
vt 0.846924 0.914551
vt 0.819092 0.892090
vt 0.802734 0.913574
vt 0.764893 0.869629
vt 0.766357 0.845215
vt 0.752197 0.858643
vt 0.750977 0.834473
vt 0.733398 0.856934
vt 0.728027 0.836914
vt 0.718506 0.848633
vt 0.722168 0.835938
vt 0.714355 0.848145
vt 0.704102 0.843018
vt 0.036865 0.770996
vt 0.027832 0.749512
vt 0.035645 0.750977
vt 0.042969 0.732178
vt 0.043213 0.752930
vt 0.045654 0.770264
vt 0.043457 0.787354
vt 0.048828 0.738281
vt 0.051514 0.754395
vt 0.057129 0.781006
vt 0.067383 0.788574
vt 0.056152 0.766602
vt 0.077393 0.778076
vt 0.085449 0.799072
vt 0.079102 0.757080
vt 0.058350 0.742676
vt 0.082031 0.736816
vt 0.061523 0.728027
vt 0.051514 0.716064
vt 0.075684 0.720703
vt 0.092529 0.716553
vt 0.102783 0.757812
vt 0.106934 0.741699
vt 0.115723 0.725830
vt 0.102051 0.777100
vt 0.110107 0.793945
vt 0.126709 0.760254
vt 0.126221 0.781250
vt 0.132568 0.804932
vt 0.132568 0.742676
vt 0.142822 0.721191
vt 0.138184 0.761719
vt 0.135010 0.782715
vt 0.141602 0.800293
vt 0.139404 0.783691
vt 0.143555 0.763184
vt 0.147705 0.784424
vt 0.153809 0.764160
vt 0.156494 0.764648
vt 0.164307 0.749268
vt 0.167236 0.750488
vt 0.152588 0.746338
vt 0.172119 0.737549
vt 0.175537 0.738770
vt 0.185059 0.728516
vt 0.147705 0.744141
vt 0.156738 0.730957
vt 0.166992 0.719482
vt 0.162109 0.733398
vt 0.171631 0.721436
vt 0.180664 0.726318
vt 0.192139 0.713867
vt 0.195068 0.717529
vt 0.092529 0.929199
vt 0.096436 0.924805
vt 0.094238 0.942627
vt 0.110107 0.925537
vt 0.089844 0.938232
vt 0.082764 0.945068
vt 0.083984 0.933105
vt 0.086182 0.923828
vt 0.107178 0.943115
vt 0.095459 0.955566
vt 0.106201 0.959473
vt 0.123535 0.936523
vt 0.124268 0.919189
vt 0.139893 0.923828
vt 0.120117 0.949463
vt 0.116699 0.968262
vt 0.142334 0.939941
vt 0.178955 0.918457
vt 0.130371 0.955078
vt 0.134521 0.977295
vt 0.128906 0.966064
vt 0.112549 0.150391
vt 0.111572 0.161621
vt 0.107178 0.162354
vt 0.109619 0.151367
vt 0.096191 0.159424
vt 0.106445 0.149658
vt 0.102783 0.175293
vt 0.084717 0.168213
vt 0.108887 0.176025
vt 0.085449 0.188721
vt 0.069580 0.166748
vt 0.106201 0.197754
vt 0.116455 0.171143
vt 0.118896 0.169922
vt 0.122314 0.156494
vt 0.123291 0.190674
vt 0.130615 0.166016
vt 0.118408 0.191406
vt 0.110596 0.197266
vt 0.124512 0.218994
vt 0.114990 0.221924
vt 0.110596 0.224365
vt 0.135742 0.184326
vt 0.145508 0.160889
vt 0.150146 0.178467
vt 0.165771 0.169922
vt 0.156006 0.199463
vt 0.173096 0.194336
vt 0.207764 0.151611
vt 0.164795 0.223389
vt 0.143066 0.206299
vt 0.145020 0.233398
vt 0.129395 0.215576
vt 0.133545 0.238770
vt 0.128662 0.240967
vt 0.131592 0.264404
vt 0.121582 0.268311
vt 0.118896 0.244141
vt 0.114746 0.246826
vt 0.118164 0.270020
vt 0.128418 0.283447
vt 0.096924 0.233643
vt 0.109863 0.267334
vt 0.113037 0.283203
vt 0.103027 0.251465
vt 0.090820 0.211426
vt 0.072266 0.190430
vt 0.078613 0.217529
vt 0.081543 0.247070
vt 0.089355 0.260986
vt 0.050293 0.175537
vt 0.044678 0.152100
vt 0.035156 0.158447
vt 0.026123 0.157227
vt 0.096436 0.275146
vt 0.054932 0.198242
vt 0.037842 0.177490
vt 0.014404 0.157715
vt 0.044434 0.201416
vt 0.059814 0.227051
vt 0.026611 0.180908
vt 0.011963 0.185791
vt 0.000244 0.165039
vt 0.018311 0.211182
vt 0.031494 0.206055
vt 0.043457 0.233154
vt 0.032227 0.238037
vt 0.052246 0.230225
vt 0.072266 0.253174
vt 0.041260 0.269043
vt 0.023193 0.276367
vt 0.058594 0.264160
vt 0.066406 0.260010
vt 0.085449 0.275146
vt 0.051270 0.284668
vt 0.046631 0.305420
vt 0.063477 0.301270
vt 0.074951 0.290527
vt 0.093018 0.291748
vt 0.102539 0.288086
vt 0.107910 0.301025
vt 0.117676 0.295654
vt 0.100830 0.306885
vt 0.126953 0.309814
vt 0.133301 0.303223
vt 0.119141 0.316406
vt 0.115479 0.322021
vt 0.135010 0.324463
vt 0.140137 0.318359
vt 0.142822 0.329346
vt 0.148193 0.347168
vt 0.148193 0.342773
vt 0.146729 0.349365
vt 0.102539 0.327148
vt 0.084473 0.325439
vt 0.105957 0.322510
vt 0.085449 0.318848
vt 0.092529 0.311523
vt 0.064453 0.319092
vt 0.065430 0.327393
vt 0.763916 0.471191
vt 0.771240 0.469971
vt 0.770508 0.502930
vt 0.764404 0.446777
vt 0.764404 0.499268
vt 0.778809 0.523926
vt 0.757812 0.470459
vt 0.760498 0.500000
vt 0.772705 0.524658
vt 0.749756 0.502686
vt 0.746582 0.466797
vt 0.733398 0.498535
vt 0.757080 0.440918
vt 0.774170 0.425049
vt 0.735352 0.462646
vt 0.701660 0.518799
vt 0.708496 0.523926
vt 0.678223 0.531250
vt 0.689209 0.516113
vt 0.703369 0.494385
vt 0.725342 0.485107
vt 0.718018 0.456543
vt 0.709961 0.461182
vt 0.732910 0.429443
vt 0.721680 0.424072
vt 0.749756 0.435059
vt 0.741699 0.406738
vt 0.729980 0.401367
vt 0.739746 0.386963
vt 0.758545 0.413086
vt 0.768555 0.418457
vt 0.767822 0.395996
vt 0.750488 0.390625
vt 0.754395 0.369385
vt 0.766846 0.379395
vt 0.779785 0.400146
vt 0.787354 0.406982
vt 0.788818 0.386230
vt 0.596680 0.999268
vt 0.574463 1.000000
vt 0.572998 0.991455
vt 0.599609 0.990479
vt 0.625488 0.291748
vt 0.611572 0.261475
vt 0.629639 0.279541
vt 0.652344 0.289062
vt 0.653076 0.296875
vt 0.634766 0.271484
vt 0.642090 0.259521
vt 0.644775 0.248779
vt 0.650635 0.235840
vt 0.673096 0.247314
vt 0.678711 0.235107
vt 0.667236 0.261963
vt 0.659668 0.278809
vt 0.675537 0.297363
vt 0.700195 0.255371
vt 0.689697 0.274658
vt 0.705322 0.243896
vt 0.715576 0.231201
vt 0.725830 0.259277
vt 0.721436 0.268311
vt 0.745117 0.284424
vt 0.711426 0.290039
vt 0.738037 0.249023
vt 0.750244 0.235840
vt 0.763916 0.268555
vt 0.732666 0.311279
vt 0.770996 0.306885
vt 0.790039 0.290039
vt 0.796875 0.274170
vt 0.776367 0.255859
vt 0.786865 0.239014
vt 0.745850 0.336426
vt 0.724609 0.333008
vt 0.729980 0.350342
vt 0.700928 0.309814
vt 0.692871 0.321777
vt 0.673584 0.312012
vt 0.664795 0.313721
vt 0.661865 0.330811
vt 0.746582 0.194336
vt 0.766357 0.211670
vt 0.729004 0.219727
vt 0.711914 0.202393
vt 0.729004 0.177979
vt 0.756836 0.169434
vt 0.022949 0.493164
vt 0.037598 0.496582
vt 0.029785 0.521484
vt 0.043701 0.522461
vt 0.077393 0.495361
vt 0.029053 0.544678
vt 0.077881 0.526123
vt 0.107178 0.500977
vt 0.042236 0.546387
vt 0.037842 0.566895
vt 0.026367 0.562256
vt 0.017578 0.583984
vt 0.124023 0.531494
vt 0.125000 0.500244
vt 0.104492 0.530518
vt 0.119629 0.559814
vt 0.075684 0.554932
vt 0.056885 0.559814
vt 0.099121 0.558594
vt 0.112305 0.586182
vt 0.140869 0.593018
vt 0.131836 0.621582
vt 0.065674 0.576416
vt 0.078857 0.579834
vt 0.092529 0.582275
vt 0.100342 0.610352
vt 0.088379 0.638916
vt 0.083252 0.605713
vt 0.067871 0.604980
vt 0.071533 0.632812
vt 0.119873 0.653320
vt 0.058105 0.628906
vt 0.145264 0.633789
vt 0.054443 0.600830
vt 0.059814 0.657227
vt 0.075195 0.666992
vt 0.040771 0.593994
vt 0.043945 0.622803
vt 0.047852 0.653076
vt 0.033447 0.650635
vt 0.047607 0.679688
vt 0.030762 0.671631
vt 0.034424 0.700195
vt 0.060547 0.690430
vt 0.019043 0.650146
vt 0.094971 0.707764
vt 0.108643 0.681885
vt 0.128906 0.718506
vt 0.128174 0.686035
vt 0.135254 0.659912
vt 0.135498 0.693604
vt 0.151123 0.644043
vt 0.143799 0.665283
vt 0.155029 0.637939
vt 0.152832 0.669922
vt 0.145996 0.688965
vt 0.161133 0.687256
vt 0.156250 0.653320
vt 0.161621 0.669434
vt 0.156250 0.644531
vt 0.158691 0.641113
vt 0.163818 0.642578
vt 0.166016 0.651611
vt 0.171875 0.647705
vt 0.172363 0.668457
vt 0.179199 0.687012
vt 0.031250 0.620361
vt 0.019043 0.617188
vt 0.000244 0.615234
vt 0.029541 0.587158
vt 0.050293 0.572021
vt 0.339355 0.865723
vt 0.332031 0.844482
vt 0.362793 0.860352
vt 0.336914 0.895264
vt 0.361572 0.890137
vt 0.385010 0.884766
vt 0.350098 0.832764
vt 0.319336 0.824219
vt 0.340088 0.809570
vt 0.365967 0.832031
vt 0.383789 0.848877
vt 0.387695 0.838623
vt 0.385742 0.831055
vt 0.400146 0.843750
vt 0.397705 0.856934
vt 0.407715 0.883301
vt 0.414551 0.862061
vt 0.419678 0.845215
vt 0.429688 0.880859
vt 0.438477 0.852539
vt 0.441895 0.853271
vt 0.433105 0.881592
vt 0.454102 0.857422
vt 0.446045 0.886475
vt 0.453125 0.888672
vt 0.461914 0.857666
vt 0.472656 0.859619
vt 0.465088 0.893311
vt 0.154297 0.858643
vt 0.109131 0.855469
vt 0.133789 0.834717
vt 0.181641 0.839355
vt 0.154297 0.811768
vt 0.177490 0.894287
vt 0.212646 0.864990
vt 0.200195 0.881348
vt 0.242676 0.914062
vt 0.249023 0.889404
vt 0.262451 0.854248
vt 0.300049 0.866699
vt 0.229004 0.833740
vt 0.276855 0.827637
vt 0.317139 0.839111
vt 0.198486 0.810303
vt 0.169922 0.784180
vt 0.280029 0.823730
vt 0.320068 0.837402
vt 0.243408 0.806885
vt 0.212402 0.786377
vt 0.183105 0.756348
vt 0.184570 0.752197
vt 0.245850 0.803955
vt 0.215332 0.783691
vt 0.225342 0.766113
vt 0.193115 0.737061
vt 0.256836 0.786377
vt 0.290771 0.808594
vt 0.266357 0.774658
vt 0.230225 0.758057
vt 0.196045 0.728760
vt 0.260498 0.952393
vt 0.274170 0.941650
vt 0.267578 0.955811
vt 0.244629 0.963623
vt 0.252686 0.972900
vt 0.242188 0.966309
vt 0.283203 0.945557
vt 0.289307 0.967041
vt 0.311279 0.953613
vt 0.286377 0.932129
vt 0.279053 0.933105
vt 0.311768 0.918701
vt 0.281494 0.905029
vt 0.299072 0.894531
vt 0.320801 0.884766
vt 0.312500 0.861816
vt 0.333740 0.904541
vt 0.332520 0.935791
vt 0.337158 0.968994
vt 0.350830 0.921143
vt 0.346191 0.898926
vt 0.363770 0.914307
vt 0.352051 0.948486
vt 0.370605 0.960693
vt 0.359863 0.985840
vt 0.370605 0.933105
vt 0.389648 0.940430
vt 0.381592 0.926025
vt 0.388916 0.920898
vt 0.399170 0.934326
vt 0.439453 0.620605
vt 0.450928 0.591064
vt 0.476074 0.618652
vt 0.502686 0.582520
vt 0.479736 0.621826
vt 0.454102 0.654785
vt 0.470215 0.553711
vt 0.420654 0.565674
vt 0.438477 0.527344
vt 0.467285 0.666504
vt 0.497559 0.523682
vt 0.471680 0.495605
vt 0.534424 0.498291
vt 0.554443 0.520996
vt 0.522949 0.549316
vt 0.506592 0.583252
vt 0.527100 0.550049
vt 0.560791 0.521484
vt 0.553711 0.476807
vt 0.544434 0.562500
vt 0.522949 0.596191
vt 0.552734 0.566406
vt 0.531006 0.599854
vt 0.494385 0.631348
vt 0.503418 0.637939
vt 0.544189 0.611328
vt 0.475830 0.673828
vt 0.488281 0.682861
vt 0.517090 0.647949
vt 0.632568 0.893066
vt 0.673584 0.843262
vt 0.687988 0.853516
vt 0.668701 0.781006
vt 0.631836 0.898682
vt 0.689697 0.859619
vt 0.628418 0.908203
vt 0.748779 0.867188
vt 0.760498 0.875732
vt 0.695312 0.870605
vt 0.765137 0.883545
vt 0.919678 0.084473
vt 0.925537 0.065430
vt 0.923096 0.086914
vt 0.935547 0.068115
vt 0.937988 0.093018
vt 0.916260 0.059326
vt 0.909668 0.080566
vt 0.928223 0.112061
vt 0.958008 0.114258
vt 0.911377 0.107422
vt 0.909180 0.105957
vt 0.898193 0.103271
vt 0.904053 0.077393
vt 0.941895 0.138672
vt 0.956299 0.142090
vt 0.949219 0.158936
vt 0.959229 0.165527
vt 0.931396 0.153809
vt 0.939209 0.166992
vt 0.918213 0.134766
vt 0.910645 0.160889
vt 0.900635 0.131104
vt 0.891846 0.153320
vt 0.888672 0.152344
vt 0.897705 0.129883
vt 0.886230 0.127930
vt 0.876709 0.150146
vt 0.870605 0.148438
vt 0.880371 0.126465
vt 0.870850 0.128906
vt 0.891602 0.101074
vt 0.883545 0.098389
vt 0.898193 0.073486
vt 0.975586 0.576172
vt 0.944824 0.578369
vt 0.949463 0.561523
vt 0.965332 0.543213
vt 0.944092 0.527100
vt 0.994873 0.552734
vt 0.249512 0.950439
vt 0.224121 0.970703
vt 0.244141 0.939209
vt 0.260498 0.920166
vt 0.239502 0.925781
vt 0.206299 0.972656
vt 0.194824 0.978271
vt 0.232422 0.943604
vt 0.161621 0.959473
vt 0.163818 0.935547
vt 0.181152 0.925537
vt 0.175537 0.953369
vt 0.190430 0.921631
vt 0.187500 0.946777
vt 0.198730 0.961426
vt 0.197266 0.942139
vt 0.199951 0.931152
vt 0.198486 0.918701
vt 0.216064 0.932373
vt 0.201416 0.952393
vt 0.210205 0.942871
vt 0.210205 0.953125
vt 0.221436 0.948486
vt 0.213867 0.960449
vt 0.202881 0.960205
vt 0.202881 0.964600
vt 0.207031 0.968262
vt 0.206299 0.967773
vt 0.206787 0.961182
vt 0.634766 0.645996
vt 0.643555 0.621826
vt 0.655762 0.625244
vt 0.667969 0.638916
vt 0.679443 0.624023
vt 0.669922 0.612305
vt 0.658203 0.602295
vt 0.679688 0.599121
vt 0.672607 0.588135
vt 0.656250 0.668457
vt 0.688232 0.650391
vt 0.637695 0.684082
vt 0.615479 0.661865
vt 0.634766 0.686523
vt 0.612549 0.664307
vt 0.623291 0.695557
vt 0.601318 0.673340
vt 0.594971 0.677734
vt 0.616943 0.700195
vt 0.640625 0.726562
vt 0.646240 0.720703
vt 0.659180 0.710205
vt 0.670410 0.743896
vt 0.685059 0.729736
vt 0.662109 0.707275
vt 0.687012 0.725830
vt 0.683350 0.688965
vt 0.708496 0.705078
vt 0.722900 0.667480
vt 0.750244 0.694092
vt 0.748779 0.679688
vt 0.705078 0.637207
vt 0.737061 0.651123
vt 0.688721 0.611328
vt 0.705078 0.602051
vt 0.717041 0.623047
vt 0.696289 0.577393
vt 0.715088 0.581055
vt 0.682617 0.574951
vt 0.690918 0.557861
vt 0.668457 0.558350
vt 0.658936 0.580811
vt 0.684814 0.539795
vt 0.666748 0.533691
vt 0.862061 0.764648
vt 0.847168 0.772217
vt 0.841064 0.750000
vt 0.857666 0.744385
vt 0.849854 0.725098
vt 0.826904 0.732178
vt 0.886475 0.753906
vt 0.877686 0.783447
vt 0.895996 0.772705
vt 0.879150 0.735107
vt 0.890381 0.729492
vt 0.841309 0.706055
vt 0.873779 0.716797
vt 0.885498 0.710693
vt 0.866455 0.696533
vt 0.835938 0.682861
vt 0.861572 0.674561
vt 0.829590 0.661621
vt 0.855713 0.652344
vt 0.868652 0.651367
vt 0.878418 0.692139
vt 0.887939 0.691406
vt 0.893311 0.704590
vt 0.874512 0.672119
vt 0.885010 0.672607
vt 0.894775 0.686279
vt 0.892090 0.668945
vt 0.882812 0.653809
vt 0.888672 0.653076
vt 0.879150 0.636719
vt 0.886719 0.635010
vt 0.899902 0.708984
vt 0.899414 0.678223
vt 0.916260 0.678223
vt 0.899902 0.648926
vt 0.919434 0.709229
vt 0.944336 0.704590
vt 0.901611 0.739014
vt 0.921631 0.739014
vt 0.427002 0.501465
vt 0.414551 0.511719
vt 0.430664 0.478271
vt 0.415771 0.482422
vt 0.413818 0.457031
vt 0.404541 0.482178
vt 0.426270 0.447998
vt 0.441650 0.442871
vt 0.426758 0.417725
vt 0.401855 0.427246
vt 0.394287 0.395752
vt 0.404297 0.454834
vt 0.369629 0.429443
vt 0.349121 0.406738
vt 0.377930 0.456543
vt 0.382568 0.482422
vt 0.383789 0.508057
vt 0.354004 0.484375
vt 0.353516 0.457520
vt 0.342529 0.427734
vt 0.339844 0.459473
vt 0.320801 0.422363
vt 0.331787 0.400391
vt 0.309082 0.398438
vt 0.326904 0.460693
vt 0.303955 0.429688
vt 0.288330 0.403809
vt 0.342041 0.483154
vt 0.295410 0.435791
vt 0.273926 0.417969
vt 0.311279 0.461914
vt 0.332031 0.484131
vt 0.341064 0.506836
vt 0.319092 0.488525
vt 0.303223 0.461670
vt 0.310547 0.488770
vt 0.286377 0.442383
vt 0.295166 0.465576
vt 0.281250 0.445801
vt 0.272705 0.424805
vt 0.277344 0.446777
vt 0.302979 0.491699
vt 0.285400 0.468750
vt 0.316406 0.512207
vt 0.294678 0.492432
vt 0.276611 0.468994
vt 0.269775 0.449707
vt 0.262939 0.463135
vt 0.283203 0.495605
vt 0.268066 0.484131
vt 0.257080 0.465576
vt 0.262451 0.485596
vt 0.299561 0.516357
vt 0.270996 0.507568
vt 0.287842 0.520264
vt 0.308105 0.514160
vt 0.311035 0.539307
vt 0.303955 0.544189
vt 0.312500 0.569092
vt 0.275146 0.531738
vt 0.266357 0.509277
vt 0.252197 0.507812
vt 0.256104 0.528809
vt 0.269043 0.531738
vt 0.271973 0.555908
vt 0.278076 0.556885
vt 0.292725 0.545166
vt 0.292236 0.570068
vt 0.302002 0.568604
vt 0.304932 0.586426
vt 0.316895 0.594971
vt 0.321045 0.570557
vt 0.320068 0.537842
vt 0.334473 0.602051
vt 0.314941 0.607910
vt 0.331055 0.570801
vt 0.329834 0.536133
vt 0.327148 0.508301
vt 0.351074 0.586182
vt 0.347900 0.566406
vt 0.343750 0.536133
vt 0.350586 0.507812
vt 0.368408 0.565674
vt 0.354004 0.534668
vt 0.364014 0.506592
vt 0.363770 0.533691
vt 0.377686 0.532471
vt 0.400391 0.510986
vt 0.391113 0.535645
vt 0.404541 0.538574
vt 0.418945 0.540771
vt 0.428467 0.531738
vt 0.402588 0.572998
vt 0.413330 0.579590
vt 0.388428 0.571777
vt 0.400879 0.604248
vt 0.420166 0.601318
vt 0.426514 0.580078
vt 0.370361 0.601318
vt 0.385498 0.603027
vt 0.412842 0.632324
vt 0.428223 0.610352
vt 0.400146 0.626953
vt 0.387207 0.625732
vt 0.402344 0.642090
vt 0.418213 0.657959
vt 0.428711 0.639404
vt 0.441162 0.668701
vt 0.437500 0.695557
vt 0.387207 0.645996
vt 0.409180 0.681885
vt 0.421143 0.721436
vt 0.398926 0.707275
vt 0.385010 0.667725
vt 0.378174 0.690918
vt 0.375977 0.641113
vt 0.375488 0.664795
vt 0.369385 0.689453
vt 0.375244 0.623779
vt 0.365723 0.639893
vt 0.365967 0.665039
vt 0.359131 0.690430
vt 0.354980 0.666260
vt 0.351074 0.642090
vt 0.349121 0.623779
vt 0.363525 0.623047
vt 0.354492 0.605957
vt 0.337646 0.621826
vt 0.044189 0.716064
vt 0.036865 0.727295
vt 0.034424 0.724609
vt 0.024902 0.728027
vt 0.032471 0.720947
vt 0.029785 0.713135
vt 0.018311 0.720459
vt 0.026611 0.725586
vt 0.025635 0.725098
vt 0.946289 0.864502
vt 0.940186 0.849854
vt 0.957520 0.856201
vt 0.964111 0.848633
vt 0.958008 0.862061
vt 0.958252 0.872803
vt 0.962891 0.857666
vt 0.965576 0.862549
vt 0.978027 0.858154
vt 0.968262 0.854004
vt 0.972168 0.848877
vt 0.980957 0.616943
vt 0.973145 0.627930
vt 0.967041 0.613281
vt 0.973145 0.604248
vt 0.956299 0.617676
vt 0.963135 0.634277
vt 0.949951 0.634766
vt 0.945312 0.616211
vt 0.951172 0.603516
vt 0.941162 0.600586
vt 0.951660 0.594482
vt 0.956543 0.604736
vt 0.957520 0.596924
vt 0.962158 0.592773
vt 0.961914 0.602539
vt 0.965576 0.597656
vt 0.971436 0.591553
vt 0.192383 0.123047
vt 0.195801 0.135742
vt 0.192627 0.136230
vt 0.178711 0.139404
vt 0.191895 0.140137
vt 0.202148 0.145752
vt 0.123779 0.143555
vt 0.206299 0.139893
vt 0.197266 0.118896
vt 0.208740 0.129150
vt 0.219238 0.115234
vt 0.211426 0.136719
vt 0.218262 0.128174
vt 0.237793 0.135010
vt 0.225342 0.141602
vt 0.282227 0.118652
vt 0.220703 0.137451
vt 0.223633 0.138184
vt 0.040771 0.134766
vt 0.046387 0.113770
vt 0.093018 0.137451
vt 0.101807 0.113525
vt 0.091553 0.013672
vt 0.110107 0.000244
vt 0.119385 0.012939
vt 0.509277 0.873291
vt 0.516113 0.898682
vt 0.496582 0.884521
vt 0.477051 0.862793
vt 0.527100 0.887939
vt 0.492676 0.851562
vt 0.477295 0.844238
vt 0.482910 0.826660
vt 0.521240 0.863037
vt 0.505371 0.841064
vt 0.493408 0.814209
vt 0.538574 0.879639
vt 0.540527 0.905029
vt 0.525635 0.859619
vt 0.510254 0.835449
vt 0.507080 0.824951
vt 0.499268 0.801270
vt 0.515137 0.838379
vt 0.531982 0.854248
vt 0.547119 0.870850
vt 0.544434 0.876221
vt 0.552734 0.893799
vt 0.552979 0.879883
vt 0.553955 0.885254
vt 0.561768 0.884033
vt 0.563477 0.891113
vt 0.566895 0.899658
vt 0.567139 0.907715
vt 0.584229 0.915283
vt 0.581787 0.905273
vt 0.572754 0.896240
vt 0.575684 0.892090
vt 0.579346 0.884766
vt 0.565918 0.878418
vt 0.595459 0.875977
vt 0.553955 0.868652
vt 0.581055 0.869629
vt 0.569336 0.859619
vt 0.445801 0.696777
vt 0.447021 0.691650
vt 0.462646 0.699463
vt 0.461426 0.707031
vt 0.439697 0.717773
vt 0.477051 0.708984
vt 0.481201 0.696777
vt 0.457275 0.722656
vt 0.443604 0.739990
vt 0.456299 0.742676
vt 0.474609 0.724609
vt 0.470947 0.742920
vt 0.465576 0.759521
vt 0.439941 0.758545
vt 0.489014 0.741211
vt 0.492920 0.723633
vt 0.496338 0.708496
vt 0.500000 0.696045
vt 0.484863 0.758057
vt 0.479736 0.774414
vt 0.461914 0.779541
vt 0.475342 0.787354
vt 0.491211 0.791260
vt 0.497559 0.776855
vt 0.510742 0.793213
vt 0.503418 0.757568
vt 0.516113 0.779541
vt 0.534912 0.792969
vt 0.507080 0.740234
vt 0.526367 0.743652
vt 0.511719 0.723389
vt 0.539551 0.771729
vt 0.521729 0.760498
vt 0.558350 0.780029
vt 0.515137 0.706787
vt 0.518799 0.694336
vt 0.531982 0.723145
vt 0.535645 0.706543
vt 0.537109 0.690186
vt 0.557129 0.696289
vt 0.543213 0.676514
vt 0.552246 0.713867
vt 0.575928 0.705322
vt 0.549316 0.730225
vt 0.542969 0.752686
vt 0.568848 0.724854
vt 0.585938 0.729492
vt 0.595947 0.713379
vt 0.606445 0.727051
vt 0.619141 0.711670
vt 0.602295 0.737061
vt 0.580322 0.749268
vt 0.595703 0.760010
vt 0.564941 0.739502
vt 0.570312 0.768799
vt 0.583008 0.774414
vt 0.558350 0.761719
vt 0.284424 0.779541
vt 0.287109 0.755859
vt 0.297607 0.777100
vt 0.306885 0.759521
vt 0.266357 0.747314
vt 0.260498 0.764893
vt 0.292480 0.737305
vt 0.269287 0.725830
vt 0.254150 0.739258
vt 0.280762 0.733398
vt 0.285400 0.711426
vt 0.297363 0.724121
vt 0.306396 0.703125
vt 0.312988 0.723877
vt 0.319580 0.705811
vt 0.310059 0.740723
vt 0.327393 0.724854
vt 0.323975 0.704834
vt 0.336670 0.703613
vt 0.328125 0.744141
vt 0.341553 0.722412
vt 0.349854 0.697998
vt 0.357666 0.729004
vt 0.365234 0.705078
vt 0.374023 0.736816
vt 0.345703 0.753418
vt 0.362061 0.762451
vt 0.380371 0.764893
vt 0.389404 0.739258
vt 0.338379 0.782227
vt 0.325195 0.768066
vt 0.310059 0.780762
vt 0.292236 0.795410
vt 0.307861 0.801514
vt 0.319824 0.788330
vt 0.324463 0.804443
vt 0.327881 0.800293
vt 0.344971 0.805176
vt 0.357178 0.784912
vt 0.369141 0.803711
vt 0.389893 0.802734
vt 0.397949 0.760498
vt 0.407227 0.803711
vt 0.412354 0.749756
vt 0.422607 0.801758
vt 0.401367 0.733154
vt 0.423828 0.736572
vt 0.412109 0.723389
vt 0.046143 0.959717
vt 0.078613 0.965576
vt 0.079102 0.982178
vt 0.073730 0.943115
vt 0.041748 0.974854
vt 0.044922 0.940918
vt 0.040039 0.922363
vt 0.037354 0.942871
vt 0.038574 0.961182
vt 0.035156 0.976318
vt 0.012939 0.971191
vt 0.015381 0.983887
vt 0.005127 0.984131
vt 0.017578 0.954346
vt 0.011719 0.934570
vt 0.032471 0.921387
vt 0.014893 0.920410
vt 0.033936 0.903320
vt 0.020752 0.907715
vt 0.030518 0.901611
vt 0.020264 0.893066
vt 0.933838 0.743164
vt 0.940918 0.759766
vt 0.917236 0.776611
vt 0.925537 0.792480
vt 0.911621 0.781982
vt 0.910889 0.799561
vt 0.887939 0.785156
vt 0.926758 0.813965
vt 0.886475 0.801758
vt 0.914795 0.818359
vt 0.882568 0.821533
vt 0.889160 0.842285
vt 0.922119 0.837158
vt 0.934814 0.836182
vt 0.904785 0.857178
vt 0.935547 0.856201
vt 0.927002 0.857422
vt 0.916748 0.868652
vt 0.928955 0.873047
vt 0.938232 0.870117
vt 0.942383 0.871338
vt 0.943359 0.632812
vt 0.917480 0.635742
vt 0.911621 0.597900
vt 0.931396 0.594971
vt 0.926514 0.591309
vt 0.894531 0.609375
vt 0.911377 0.594238
vt 0.921387 0.581299
vt 0.940674 0.593506
vt 0.896973 0.594482
vt 0.847656 0.628418
vt 0.868164 0.607422
vt 0.881348 0.593018
vt 0.907959 0.585205
vt 0.897217 0.574463
vt 0.887207 0.573486
vt 0.910156 0.570801
vt 0.925537 0.572510
vt 0.943115 0.563232
vt 0.917480 0.548584
vt 0.931396 0.551514
vt 0.908447 0.541748
vt 0.938232 0.525635
vt 0.928223 0.537598
vt 0.921143 0.534912
vt 0.918945 0.524658
vt 0.956299 0.949707
vt 0.933594 0.967529
vt 0.922363 0.929932
vt 0.966309 0.926758
vt 0.980957 0.951660
vt 0.946533 0.924072
vt 0.925537 0.921143
vt 0.907227 0.917480
vt 0.929932 0.903809
vt 0.911133 0.894043
vt 0.923828 0.877930
vt 0.936279 0.886719
vt 0.962158 0.904785
vt 0.980713 0.899414
vt 0.959961 0.887207
vt 0.945557 0.906494
vt 0.947754 0.886230
vt 0.944336 0.877197
vt 0.902100 0.367188
vt 0.885498 0.343506
vt 0.927734 0.342529
vt 0.919922 0.325928
vt 0.885742 0.314697
vt 0.916260 0.309326
vt 0.939453 0.304199
vt 0.951904 0.319824
vt 0.936523 0.355469
vt 0.963135 0.337646
vt 0.950684 0.360107
vt 0.942139 0.374023
vt 0.917480 0.395508
vt 0.953857 0.395508
vt 0.830811 0.654053
vt 0.819580 0.604492
vt 0.848145 0.647949
vt 0.833984 0.609131
vt 0.826904 0.588379
vt 0.841064 0.604004
vt 0.847168 0.561523
vt 0.831055 0.550537
vt 0.858643 0.541504
vt 0.810303 0.568848
vt 0.848389 0.535889
vt 0.837646 0.523438
vt 0.854980 0.513428
vt 0.854980 0.506836
vt 0.817139 0.535889
vt 0.836914 0.507080
vt 0.862305 0.490723
vt 0.841553 0.488281
vt 0.810303 0.515137
vt 0.792725 0.522949
vt 0.814209 0.493408
vt 0.785156 0.503906
vt 0.813477 0.475586
vt 0.844238 0.469238
vt 0.780273 0.482910
vt 0.815918 0.453369
vt 0.795898 0.553711
vt 0.779053 0.553711
vt 0.787109 0.560303
vt 0.759277 0.551025
vt 0.743652 0.555908
vt 0.762207 0.577637
vt 0.713867 0.571045
vt 0.780762 0.586182
vt 0.805176 0.577881
vt 0.798096 0.600830
vt 0.978027 0.536133
vt 0.967285 0.536133
vt 0.977539 0.521973
vt 0.969238 0.521973
vt 0.952881 0.524902
vt 0.965332 0.518555
vt 0.963379 0.512451
vt 0.972412 0.514648
vt 0.979980 0.514648
vt 0.968506 0.510010
vt 0.441162 0.958740
vt 0.406738 0.985840
vt 0.421143 0.940186
vt 0.384033 0.956299
vt 0.431152 0.939697
vt 0.419189 0.935791
vt 0.420898 0.923828
vt 0.446533 0.948242
vt 0.440186 0.927002
vt 0.453613 0.960938
vt 0.455566 0.935791
vt 0.471436 0.951172
vt 0.471680 0.931641
vt 0.485107 0.947266
vt 0.487549 0.929199
vt 0.495117 0.954590
vt 0.825928 0.762451
vt 0.827148 0.791992
vt 0.805420 0.749512
vt 0.831299 0.748779
vt 0.815186 0.730469
vt 0.791504 0.779541
vt 0.802490 0.731689
vt 0.787354 0.740234
vt 0.767090 0.745117
vt 0.745850 0.781738
vt 0.790527 0.723633
vt 0.803223 0.714355
vt 0.803467 0.697754
vt 0.761230 0.729492
vt 0.787109 0.701416
vt 0.797119 0.672363
vt 0.806396 0.673340
vt 0.773926 0.695068
vt 0.742920 0.718262
vt 0.779297 0.669434
vt 0.755859 0.684326
vt 0.787354 0.634766
vt 0.808594 0.636475
vt 0.820068 0.643799
vt 0.795410 0.621582
vt 0.818115 0.623047
vt 0.743164 0.739746
vt 0.721680 0.727539
vt 0.726074 0.751465
vt 0.702393 0.787598
vt 0.712402 0.743164
vt 0.698242 0.726562
vt 0.691162 0.731201
vt 0.701660 0.747070
vt 0.703857 0.759766
vt 0.682861 0.767334
vt 0.691650 0.748047
vt 0.674316 0.757324
vt 0.985352 0.800293
vt 0.981201 0.810303
vt 0.963135 0.794678
vt 0.969482 0.822510
vt 0.960938 0.842285
vt 0.972656 0.841797
vt 0.958008 0.825439
vt 0.938721 0.830566
vt 0.939697 0.814941
vt 0.951172 0.805420
vt 0.931885 0.793457
vt 0.941650 0.783691
vt 0.962891 0.781738
vt 0.945068 0.772949
vt 0.961426 0.770264
vt 0.976318 0.274658
vt 0.970459 0.284424
vt 0.961914 0.269775
vt 0.975586 0.264160
vt 0.954834 0.255371
vt 0.962891 0.248047
vt 0.937012 0.233887
vt 0.948486 0.229248
vt 0.943848 0.211182
vt 0.958984 0.224854
vt 0.962891 0.206787
vt 0.974365 0.238037
vt 0.984619 0.251465
vt 0.998535 0.243408
vt 0.984863 0.227051
vt 0.976562 0.204834
vt 1.000000 0.220947
vt 0.106201 0.829102
vt 0.097900 0.851074
vt 0.083496 0.829102
vt 0.077393 0.844727
vt 0.058838 0.835449
vt 0.064209 0.814209
vt 0.066895 0.878174
vt 0.109375 0.865967
vt 0.053711 0.866699
vt 0.046631 0.821045
vt 0.052490 0.799805
vt 0.036133 0.791260
vt 0.029541 0.785400
vt 0.029053 0.775146
vt 0.036865 0.812500
vt 0.031738 0.841797
vt 0.018311 0.835693
vt 0.013916 0.859619
vt 0.043213 0.852051
vt 0.024170 0.871582
vt 0.018311 0.886230
vt 0.033447 0.876465
vt 0.034180 0.891357
vt 0.075684 0.895020
vt 0.053467 0.913330
vt 0.081787 0.914062
vt 0.112549 0.885010
vt 0.136719 0.879395
vt 0.968506 0.333252
vt 0.955566 0.310547
vt 0.975830 0.320312
vt 0.968018 0.347168
vt 0.987305 0.341553
vt 0.982666 0.331787
vt 0.983887 0.325684
vt 0.989990 0.311279
vt 0.987549 0.330566
vt 0.990234 0.325439
vt 0.996826 0.329834
vt 0.990967 0.335205
vt 0.998047 0.338867
vt 0.060059 0.321289
vt 0.058105 0.328857
vt 0.049316 0.321777
vt 0.045410 0.327393
vt 0.049561 0.314209
vt 0.032959 0.329590
vt 0.975342 0.876953
vt 0.976074 0.880371
vt 0.974854 0.879639
vt 0.967773 0.880859
vt 0.970215 0.877197
vt 0.968262 0.873291
vt 0.977783 0.999023
vt 0.979004 0.996338
vt 0.980713 0.996582
vt 0.981934 0.999023
vt 0.025146 0.811279
vt 0.024658 0.815186
vt 0.023193 0.815674
vt 0.030518 0.809814
vt 0.022949 0.809326
vt 0.027588 0.146973
vt 0.027100 0.144043
vt 0.033691 0.145752
vt 0.035889 0.144287
vt 0.036377 0.150146
vt 0.975830 0.746338
vt 0.977295 0.749756
vt 0.975586 0.751709
vt 0.980957 0.750488
vt 0.978271 0.746826
vt 0.981445 0.654785
vt 0.978271 0.656250
vt 0.979492 0.654053
vt 0.978516 0.653076
vt 0.982422 0.653809
vt 0.981201 0.932861
vt 0.976562 0.932861
vt 0.977051 0.931641
vt 0.977783 0.283447
vt 0.981934 0.283447
vt 0.981201 0.285400
vt 0.020996 0.512207
vt 0.022217 0.514404
vt 0.021240 0.513916
vt 0.018799 0.516357
vt 0.022705 0.516602
vt 0.975830 0.885742
vt 0.976074 0.887695
vt 0.974609 0.885254
vt 0.969727 0.885254
vt 0.971924 0.646973
vt 0.972900 0.648682
vt 0.971924 0.653320
vt 0.973877 0.649170
vt 0.975342 0.638184
vt 0.972412 0.640869
vt 0.971191 0.639404
vt 0.969971 0.642578
vt 0.970459 0.637939
vt 0.966553 0.639893
vt 0.969482 0.195312
vt 0.969238 0.191406
vt 0.972656 0.195068
vt 0.972900 0.199463
vt 0.968750 0.197998
vt 0.949707 0.744629
vt 0.950195 0.742920
vt 0.953125 0.743896
vt 0.947754 0.740234
vt 0.956055 0.748047
vt 0.945312 0.746338
vt 0.954102 0.735352
vt 0.952148 0.741699
vt 0.949707 0.740967
vt 0.951660 0.739014
vt 0.944824 0.731445
vt 0.925049 0.722168
vt 0.944824 0.726562
vt 0.957275 0.730225
vt 0.954102 0.724365
vt 0.975342 0.721680
vt 0.959961 0.958252
vt 0.966553 0.962891
vt 0.963135 0.965088
vt 0.968506 0.976074
vt 0.957520 0.975098
vt 0.956543 0.963623
vt 0.942627 0.968750
vt 0.952148 0.973389
vt 0.959717 0.967285
vt 0.956787 0.968018
vt 0.981201 0.094238
vt 0.974365 0.097168
vt 0.968262 0.081299
vt 0.969727 0.076904
vt 0.964600 0.080811
vt 0.966064 0.101074
vt 0.964600 0.077881
vt 0.960449 0.082275
vt 0.959229 0.079834
vt 0.957031 0.084229
vt 0.958496 0.105225
vt 0.955811 0.079102
vt 0.953369 0.083740
vt 0.951904 0.079346
vt 0.948486 0.082520
vt 0.945557 0.076904
vt 0.947021 0.085693
vt 0.943359 0.087158
vt 0.941895 0.083740
vt 0.947266 0.082520
vt 0.945068 0.081543
vt 0.036621 0.137695
vt 0.018555 0.139648
vt 0.016846 0.137207
vt 0.036377 0.130615
vt 0.016846 0.132080
vt 0.018066 0.126953
vt 0.036865 0.121338
vt 0.015869 0.123779
vt 0.014404 0.118408
vt 0.038330 0.117432
vt 0.013672 0.120361
vt 0.012207 0.117188
vt 0.915283 0.653320
vt 0.916992 0.640381
vt 0.925537 0.644775
vt 0.912842 0.640137
vt 0.909912 0.652588
vt 0.903320 0.640625
vt 0.958008 0.582031
vt 0.959717 0.583984
vt 0.958740 0.586182
vt 0.968018 0.586426
vt 0.968994 0.582275
vt 0.337402 0.997314
vt 0.329590 0.998291
vt 0.330078 0.995361
vt 0.337646 0.994873
vt 0.345703 0.997559
vt 0.337402 0.991699
vt 0.346191 0.995361
vt 0.353271 0.998779
vt 0.352783 0.995605
vt 0.353027 0.992188
vt 0.345703 0.992188
vt 0.345947 0.989502
vt 0.337646 0.988770
vt 0.353271 0.989014
vt 0.730957 0.884521
vt 0.735840 0.884766
vt 0.731201 0.901123
vt 0.726562 0.884277
vt 0.727295 0.902588
vt 0.736328 0.902100
vt 0.741455 0.884521
vt 0.740967 0.902832
vt 0.731934 0.918213
vt 0.727295 0.918701
vt 0.736572 0.918213
vt 0.740234 0.918945
vt 0.732178 0.934570
vt 0.727295 0.934814
vt 0.731689 0.947266
vt 0.736572 0.935303
vt 0.739990 0.934814
vt 0.735107 0.948486
vt 0.200928 0.988525
vt 0.201904 0.995117
vt 0.185791 0.991211
vt 0.182617 0.994629
vt 0.184082 0.988525
vt 0.960938 0.752686
vt 0.967773 0.750244
vt 0.970947 0.752197
vt 0.969238 0.746582
vt 0.275635 0.995361
vt 0.276611 0.990967
vt 0.279785 0.994873
vt 0.279297 0.999023
vt 0.287842 0.998535
vt 0.280762 0.991699
vt 0.280029 0.988281
vt 0.288574 0.989502
vt 0.287842 0.995361
vt 0.296143 0.999023
vt 0.296387 0.995117
vt 0.288818 0.991943
vt 0.296631 0.988525
vt 0.297363 0.991943
vt 0.178711 0.120850
vt 0.178955 0.125732
vt 0.169189 0.125000
vt 0.177979 0.130127
vt 0.168457 0.129395
vt 0.168457 0.120605
vt 0.178223 0.117676
vt 0.168701 0.117676
vt 0.151855 0.120117
vt 0.152588 0.124512
vt 0.152100 0.129395
vt 0.151611 0.133057
vt 0.135498 0.133301
vt 0.136230 0.124023
vt 0.135986 0.119385
vt 0.135010 0.128174
vt 0.119385 0.131592
vt 0.118896 0.127441
vt 0.119385 0.122314
vt 0.119629 0.118408
vt 0.107910 0.122070
vt 0.106445 0.117676
vt 0.154053 0.995605
vt 0.138916 0.995117
vt 0.152344 0.991943
vt 0.136719 0.989014
vt 0.154541 0.988770
vt 0.177002 0.992432
vt 0.171875 0.988525
vt 0.177979 0.988770
vt 0.173340 0.992920
vt 0.166992 0.989014
vt 0.165527 0.990967
vt 0.158936 0.992432
vt 0.980225 0.369873
vt 0.979980 0.376953
vt 0.972412 0.368896
vt 0.976807 0.383545
vt 0.967285 0.382812
vt 0.964600 0.377686
vt 0.958252 0.378662
vt 0.961426 0.373535
vt 0.961182 0.367920
vt 0.960693 0.369141
vt 0.962402 0.363770
vt 0.965576 0.359863
vt 0.958496 0.361572
vt 0.960938 0.358643
vt 0.957031 0.366699
vt 0.952637 0.369629
vt 0.955811 0.372070
vt 0.951660 0.377197
vt 0.957031 0.384766
vt 0.961182 0.383301
vt 0.958740 0.389160
vt 0.966064 0.389404
vt 0.968262 0.126221
vt 0.972900 0.124023
vt 0.972656 0.127441
vt 0.983154 0.130859
vt 0.965088 0.124268
vt 0.961914 0.129395
vt 0.967041 0.131348
vt 0.977295 0.133545
vt 0.978027 0.142090
vt 0.981201 0.140137
vt 0.972656 0.131836
vt 0.973877 0.135254
vt 0.975098 0.137939
vt 0.969971 0.136230
vt 0.969971 0.141357
vt 0.973145 0.144287
vt 0.964844 0.144531
vt 0.967041 0.136963
vt 0.964111 0.137451
vt 0.961670 0.138184
vt 0.020264 0.792725
vt 0.019775 0.791016
vt 0.025635 0.790771
vt 0.024902 0.793213
vt 0.027100 0.683594
vt 0.027344 0.685059
vt 0.022705 0.685791
vt 0.020996 0.683594
vt 0.056152 0.013184
vt 0.057373 0.011963
vt 0.061035 0.012207
vt 0.055908 0.010010
vt 0.047852 0.010742
vt 0.051270 0.007324
vt 0.271484 0.988525
vt 0.264160 0.999756
vt 0.263916 0.993896
vt 0.259521 0.997314
vt 0.259033 0.991943
vt 0.255127 0.995850
vt 0.251953 0.996582
vt 0.019531 0.670654
vt 0.023193 0.670654
vt 0.023682 0.671875
vt 0.018799 0.671875
vt 0.024170 0.537109
vt 0.023193 0.536133
vt 0.024414 0.531738
vt 0.023193 0.531982
vt 0.976318 0.477051
vt 0.977539 0.481934
vt 0.976318 0.481689
vt 0.979248 0.480957
vt 0.978027 0.476807
vt 0.975830 0.351562
vt 0.980225 0.349854
vt 0.976562 0.352783
vt 0.980957 0.351074
vt 0.980957 0.353027
vt 0.968994 0.162842
vt 0.972900 0.165771
vt 0.965332 0.166016
vt 0.963867 0.164795
vt 0.022217 0.527100
vt 0.019043 0.522217
vt 0.024414 0.527100
vt 0.024414 0.522461
vt 0.022461 0.820312
vt 0.019287 0.822510
vt 0.019043 0.821045
vt 0.974609 0.869629
vt 0.976074 0.867432
vt 0.980225 0.869385
vt 0.979736 0.871094
vt 0.975098 0.970703
vt 0.972656 0.972168
vt 0.972656 0.966309
vt 0.974121 0.966064
vt 0.051270 0.144531
vt 0.041748 0.144531
vt 0.040771 0.143799
vt 0.965576 0.176025
vt 0.965332 0.171631
vt 0.967041 0.170654
vt 0.956299 0.170654
vt 0.958496 0.176025
vt 0.956055 0.172363
vt 0.965820 0.185059
vt 0.962646 0.180664
vt 0.972168 0.182617
vt 0.972412 0.180420
vt 0.971191 0.185547
vt 0.050537 0.706299
vt 0.051758 0.705078
vt 0.056396 0.707764
vt 0.056641 0.704834
vt 0.061279 0.707031
vt 0.070068 0.005127
vt 0.071289 0.001221
vt 0.073975 0.000732
vt 0.062500 0.000488
vt 0.070801 0.006104
vt 0.059814 0.004883
vt 0.067139 0.007324
vt 0.057129 0.998291
vt 0.051270 1.000000
vt 0.051270 0.997559
vt 0.042725 0.999023
vt 0.052002 0.990479
vt 0.045410 0.997559
vt 0.047852 0.992188
vt 0.049072 0.993408
vt 0.041260 0.705078
vt 0.045898 0.705322
vt 0.041016 0.707520
vt 0.046143 0.707275
vt 0.035889 0.706299
vt 0.963135 0.110352
vt 0.967773 0.109619
vt 0.968262 0.111328
vt 0.972900 0.110596
vt 0.962891 0.112549
vt 0.968262 0.112793
vt 0.029541 0.294189
vt 0.022949 0.294189
vt 0.023926 0.293457
vt 0.562256 0.990723
vt 0.545654 0.996338
vt 0.544189 0.994385
vt 0.559570 0.995605
vt 0.568848 0.996826
vt 0.565674 0.995361
vt 0.087158 0.010986
vt 0.086182 0.012695
vt 0.071289 0.013428
vt 0.077393 0.010010
vt 0.090576 0.143799
vt 0.093018 0.145508
vt 0.091553 0.146484
vt 0.106689 0.145020
vt 0.963867 0.697754
vt 0.962646 0.697510
vt 0.966309 0.693115
vt 0.963623 0.692383
vt 0.967529 0.693359
vt 0.968506 0.697266
vt 0.972168 0.692139
vt 0.970947 0.697754
vt 0.961914 0.482178
vt 0.970459 0.476562
vt 0.968018 0.480225
vt 0.972168 0.481689
vt 0.977051 0.171631
vt 0.971680 0.172119
vt 0.972168 0.170410
vt 0.978027 0.171875
vt 0.979004 0.361328
vt 0.978271 0.363037
vt 0.973877 0.359863
vt 0.975098 0.359375
vt 0.039795 0.988281
vt 0.040527 0.990723
vt 0.037354 0.990967
vt 0.036377 0.995361
vt 0.028809 0.989990
vt 0.031250 0.997070
vt 0.968994 0.784424
vt 0.968262 0.781006
vt 0.970459 0.781006
vt 0.968018 0.784668
vt 0.972168 0.788818
vt 0.967529 0.789062
vt 0.036621 0.013672
vt 0.033936 0.012207
vt 0.041992 0.011963
vt 0.043213 0.013184
vt 0.029541 0.010986
vt 0.028564 0.013428
vt 0.022705 0.013672
vt 0.022949 0.011475
vt 0.029541 0.769775
vt 0.027832 0.770752
vt 0.024902 0.768555
vt 0.023438 0.768799
vt 0.026611 0.765869
vt 0.021729 0.766602
vt 0.969727 0.771973
vt 0.973633 0.774902
vt 0.973877 0.776367
vt 0.968506 0.775879
vt 0.966797 0.770996
vt 0.023193 0.064453
vt 0.023193 0.069336
vt 0.020264 0.067383
vt 0.980957 0.702637
vt 0.979492 0.705811
vt 0.978516 0.700928
vt 0.976807 0.702148
vt 0.022705 0.106445
vt 0.024414 0.107178
vt 0.021973 0.109375
vt 0.024414 0.112061
vt 0.973877 0.581299
vt 0.976318 0.586914
vt 0.974121 0.587158
vt 0.977051 0.582031
vt 0.023193 0.700439
vt 0.022949 0.698242
vt 0.027832 0.697998
vt 0.029541 0.700928
vt 0.025391 0.000488
vt 0.029297 0.000000
vt 0.029541 0.006836
vt 0.022949 0.005371
vt 0.971191 0.155518
vt 0.977051 0.151367
vt 0.976562 0.155273
vt 0.970703 0.148682
vt 0.978271 0.105225
vt 0.972656 0.105225
vt 0.977783 0.103271
vt 0.024170 0.988770
vt 0.024414 0.990723
vt 0.019043 0.990723
vt 0.019043 0.989014
vt 0.025635 0.102295
vt 0.020508 0.102295
vt 0.025146 0.100342
vt 0.019775 0.100830
vt 0.018311 0.544678
vt 0.018555 0.543213
vt 0.023193 0.542725
vt 0.023193 0.546143
vt 0.019531 0.783203
vt 0.019043 0.781982
vt 0.024414 0.781738
vt 0.023926 0.785400
vt 0.020996 0.285889
vt 0.025391 0.289062
vt 0.019287 0.289062
vt 0.976074 0.119141
vt 0.975830 0.116455
vt 0.980225 0.116455
vt 0.980957 0.119629
vt 0.976807 0.696045
vt 0.976318 0.693359
vt 0.981201 0.693359
vt 0.981201 0.696533
vt 0.018799 0.751709
vt 0.018311 0.748291
vt 0.022705 0.748535
vt 0.023193 0.751953
vt 0.981934 0.188721
vt 0.977295 0.188721
vt 0.981445 0.185303
vt 0.976807 0.185303
vt 0.249756 0.988525
vt 0.242676 0.996826
vt 0.242676 0.993896
vt 0.236328 0.989990
vt 0.236816 0.991943
vt 0.229980 0.993896
vt 0.233154 0.988525
vt 0.112793 0.988770
vt 0.105713 0.994873
vt 0.104980 0.993408
vt 0.103271 0.990234
vt 0.101562 0.990967
vt 0.096191 0.991943
vt 0.099121 0.988770
vt 0.024414 0.245361
vt 0.024414 0.247803
vt 0.019531 0.247070
vt 0.019043 0.245361
vt 0.023926 0.774902
vt 0.024414 0.777344
vt 0.019043 0.776855
vt 0.019043 0.775146
vt 0.083740 0.005615
vt 0.091309 0.001953
vt 0.098633 0.000244
vt 0.082764 0.001953
vt 0.609131 0.995605
vt 0.632080 0.998779
vt 0.614746 0.997803
vt 0.602783 0.999512
vt 0.961182 0.459473
vt 0.951904 0.448486
vt 0.962158 0.446289
vt 0.947021 0.437988
vt 0.937012 0.443848
vt 0.940674 0.428223
vt 0.954590 0.459961
vt 0.946289 0.458252
vt 0.922119 0.432861
vt 0.924316 0.420410
vt 0.955322 0.472412
vt 0.961182 0.474609
vt 0.945068 0.484375
vt 0.949463 0.471191
vt 0.938965 0.479980
vt 0.943604 0.468018
vt 0.935303 0.472656
vt 0.918945 0.468018
vt 0.928711 0.455811
vt 0.915527 0.443848
vt 0.905029 0.455322
vt 0.902832 0.435303
vt 0.891602 0.444092
vt 0.896729 0.431641
vt 0.886475 0.440674
vt 0.908936 0.422852
vt 0.901611 0.418213
vt 0.911133 0.405518
vt 0.616455 0.541992
vt 0.614258 0.562012
vt 0.607666 0.553223
vt 0.604492 0.572266
vt 0.594238 0.512207
vt 0.590332 0.570801
vt 0.573486 0.530518
vt 0.572021 0.584229
vt 0.578369 0.515381
vt 0.586914 0.592041
vt 0.603271 0.592773
vt 0.558105 0.599121
vt 0.593994 0.613525
vt 0.569336 0.611572
vt 0.558594 0.626709
vt 0.571045 0.630127
vt 0.575439 0.491943
vt 0.586670 0.490234
vt 0.589844 0.502197
vt 0.599609 0.495117
vt 0.609619 0.488281
vt 0.603027 0.505371
vt 0.612549 0.499756
vt 0.611328 0.508057
vt 0.620117 0.515869
vt 0.617676 0.525391
vt 0.621094 0.527832
vt 0.589600 0.632324
vt 0.598145 0.628418
vt 0.609863 0.630615
vt 0.601074 0.633545
vt 0.614258 0.635254
vt 0.609375 0.641602
vt 0.621094 0.643555
vt 0.622070 0.646240
vt 0.611328 0.645508
vt 0.615479 0.653076
vt 0.602783 0.649902
vt 0.600098 0.660400
vt 0.593506 0.656006
vt 0.598877 0.645996
vt 0.587158 0.650146
vt 0.590820 0.636475
vt 0.575439 0.639893
vt 0.579102 0.642822
vt 0.570557 0.659424
vt 0.559326 0.649658
vt 0.563477 0.652100
vt 0.547607 0.659912
vt 0.545166 0.658447
vt 0.535156 0.668701
vt 0.536621 0.673340
vt 0.551025 0.641357
vt 0.535156 0.648438
vt 0.539551 0.635986
vt 0.539062 0.625244
vt 0.527588 0.641357
vt 0.527832 0.631348
vt 0.515869 0.637939
vt 0.281982 0.076172
vt 0.240234 0.077393
vt 0.277100 0.061035
vt 0.228027 0.066162
vt 0.291748 0.052734
vt 0.303467 0.069580
vt 0.265869 0.046143
vt 0.220947 0.047607
vt 0.207520 0.052734
vt 0.254639 0.033447
vt 0.225830 0.029785
vt 0.241455 0.026367
vt 0.253906 0.016846
vt 0.266357 0.026611
vt 0.278564 0.038818
vt 0.277832 0.019775
vt 0.267578 0.010254
vt 0.289062 0.033203
vt 0.290283 0.014648
vt 0.276611 0.005127
vt 0.309326 0.044434
vt 0.304688 0.023682
vt 0.308350 0.020264
vt 0.291992 0.008545
vt 0.300293 0.002197
vt 0.315430 0.014160
vt 0.327148 0.026611
vt 0.319824 0.012451
vt 0.320557 0.032715
vt 0.317871 0.036377
vt 0.331055 0.024170
vt 0.332031 0.006592
vt 0.340820 0.041016
vt 0.333984 0.046143
vt 0.332520 0.048340
vt 0.348389 0.053467
vt 0.328857 0.051758
vt 0.344482 0.055908
vt 0.311768 0.059570
vt 0.323242 0.063721
vt 0.358643 0.064941
vt 0.354736 0.066406
vt 0.365234 0.061279
vt 0.354980 0.049561
vt 0.356689 0.048096
vt 0.367432 0.059326
vt 0.343994 0.037354
vt 0.372070 0.055176
vt 0.347168 0.029053
vt 0.380859 0.066406
vt 0.354736 0.035156
vt 0.362793 0.042480
vt 0.340576 0.017334
vt 0.347412 0.006104
vt 0.354004 0.018799
vt 0.359131 0.011719
vt 0.366455 0.022461
vt 0.361816 0.029053
vt 0.370117 0.038574
vt 0.379639 0.052734
vt 0.377441 0.036865
vt 0.376465 0.011230
vt 0.377686 0.021484
vt 0.401855 0.077393
vt 0.400635 0.080566
vt 0.389648 0.065918
vt 0.385986 0.052490
vt 0.393799 0.065186
vt 0.402100 0.063477
vt 0.392578 0.050049
vt 0.411133 0.063232
vt 0.398193 0.048828
vt 0.385742 0.033691
vt 0.392090 0.031250
vt 0.385742 0.018066
vt 0.693115 0.886963
vt 0.689453 0.890625
vt 0.692139 0.883301
vt 0.705078 0.888428
vt 0.704590 0.891357
vt 0.707520 0.885498
vt 0.690674 0.877686
vt 0.710449 0.882812
vt 0.705078 0.896240
vt 0.713379 0.880371
vt 0.686523 0.895752
vt 0.687500 0.874023
vt 0.703857 0.901855
vt 0.718506 0.887939
vt 0.685547 0.901367
vt 0.663330 0.887939
vt 0.682861 0.907227
vt 0.700928 0.907227
vt 0.718018 0.925537
vt 0.700684 0.913574
vt 0.714355 0.931641
vt 0.684814 0.913086
vt 0.668701 0.933105
vt 0.699463 0.917480
vt 0.700195 0.921875
vt 0.687256 0.917969
vt 0.685303 0.921875
vt 0.701660 0.927002
vt 0.684082 0.926514
vt 0.699219 0.931641
vt 0.700439 0.939941
vt 0.699707 0.936768
vt 0.684570 0.932861
vt 0.681152 0.938232
vt 0.684814 0.937012
vt 0.968994 0.443848
vt 0.962402 0.435059
vt 0.964355 0.432129
vt 0.971191 0.443848
vt 0.967529 0.432861
vt 0.973877 0.440674
vt 0.969482 0.430420
vt 0.954102 0.427734
vt 0.977051 0.439941
vt 0.969482 0.452393
vt 0.972168 0.427734
vt 0.979492 0.436768
vt 0.985352 0.450928
vt 0.981934 0.435303
vt 0.975342 0.427002
vt 0.970459 0.411865
vt 0.978760 0.424072
vt 0.985107 0.432617
vt 0.981934 0.422119
vt 0.986328 0.416260
vt 0.988525 0.430664
vt 0.995850 0.430420
vt 0.985352 0.420898
vt 0.986084 0.419189
vt 0.989990 0.429443
vt 0.631836 0.991455
vt 0.644775 0.992920
vt 0.643799 0.997314
vt 0.656250 0.994385
vt 0.657715 0.999756
vt 0.668701 0.993652
vt 0.668213 0.990723
vt 0.964355 0.420898
vt 0.952393 0.420654
vt 0.963867 0.408447
vt 0.974854 0.401611
vt 0.975098 0.402100
vt 0.962646 0.405518
vt 0.951660 0.409424
vt 0.938965 0.420410
vt 0.949463 0.405762
vt 0.946777 0.400146
vt 0.931396 0.400146
vt 0.939697 0.412109
vt 0.929932 0.413086
vt 0.937256 0.405273
vt 0.926025 0.406250
vt 0.933105 0.409668
vt 0.932617 0.408447
vt 0.989014 0.501709
vt 0.976562 0.505615
vt 0.975098 0.502441
vt 0.974854 0.489746
vt 0.959961 0.505371
vt 0.959473 0.501465
vt 0.958252 0.486816
vt 0.944336 0.489746
vt 0.946533 0.504639
vt 0.945312 0.507812
vt 0.943848 0.516357
vt 0.139893 0.012207
vt 0.123779 0.012695
vt 0.126709 0.000732
vt 0.143066 0.000977
vt 0.156250 0.005371
vt 0.156494 0.002197
vt 0.144043 0.000000
vt 0.557861 0.919678
vt 0.571045 0.922119
vt 0.559326 0.933350
vt 0.571289 0.935303
vt 0.574707 0.921387
vt 0.571777 0.946777
vt 0.558350 0.944092
vt 0.558105 0.956787
vt 0.574463 0.934814
vt 0.570068 0.959717
vt 0.574951 0.946045
vt 0.587402 0.933594
vt 0.589355 0.919922
vt 0.557373 0.972656
vt 0.591309 0.934082
vt 0.591553 0.920898
vt 0.589844 0.945068
vt 0.587646 0.945068
vt 0.591553 0.958496
vt 0.587646 0.958252
vt 0.591309 0.970947
vt 0.587646 0.972412
vt 0.574951 0.959473
vt 0.571289 0.970947
vt 0.569336 0.968994
vt 0.555420 0.983154
vt 0.554199 0.972168
vt 0.958496 0.186279
vt 0.964355 0.197266
vt 0.946533 0.199707
vt 0.943115 0.188232
vt 0.957764 0.182861
vt 0.943115 0.185059
vt 0.941650 0.173340
vt 0.937256 0.987305
vt 0.921143 0.991943
vt 0.935547 0.985840
vt 0.942627 0.976807
vt 0.948486 0.990234
vt 0.953369 0.981689
vt 0.951660 0.991455
vt 0.957764 0.981201
vt 0.979980 0.980713
vt 0.961182 0.990234
vt 0.958008 0.994141
vt 0.971924 0.995850
vt 0.972168 0.991699
vt 0.981689 0.916992
vt 0.978516 0.916992
vt 0.981201 0.915771
vt 0.978760 0.915771
vt 0.982178 0.915771
vt 0.981445 0.914795
vt 0.018799 0.235107
vt 0.018799 0.233643
vt 0.021729 0.235107
vt 0.021973 0.233398
vt 0.023682 0.234863
vt 0.982178 0.976562
vt 0.978516 0.976562
vt 0.981934 0.975586
vt 0.074219 0.705811
vt 0.070068 0.706299
vt 0.069580 0.705078
vt 0.065918 0.707275
vt 0.066162 0.708496
vt 0.074707 0.708008
vt 0.076172 0.706299
vt 0.077881 0.706055
vt 0.021729 0.802979
vt 0.022217 0.799316
vt 0.025391 0.803711
vt 0.025879 0.801270
vt 0.028564 0.803711
vt 0.023193 0.798828
vt 0.027100 0.800293
vt 0.026367 0.797852
vt 0.973389 0.714111
vt 0.976074 0.717041
vt 0.972412 0.716309
vt 0.972656 0.717041
vt 0.968750 0.716553
vt 0.019775 0.757324
vt 0.023926 0.757080
vt 0.023193 0.757812
vt 0.025635 0.760742
vt 0.020996 0.758057
vt 0.022949 0.760254
vt 0.021240 0.760498
vt 0.976562 0.780762
vt 0.977783 0.781006
vt 0.977539 0.784912
vt 0.981201 0.785156
vt 0.976562 0.785400
vt 0.976318 0.075195
vt 0.981445 0.074951
vt 0.979492 0.078125
vt 0.980957 0.078613
vt 0.976807 0.076172
vt 0.025391 0.152588
vt 0.020996 0.152588
vt 0.024414 0.151611
vt 0.962646 0.352539
vt 0.969727 0.351318
vt 0.967041 0.353027
vt 0.971191 0.355225
vt 0.020752 0.037598
vt 0.020752 0.039062
vt 0.017822 0.038330
vt 0.970703 0.117432
vt 0.971191 0.118652
vt 0.967529 0.118164
vt 0.962646 0.118164
vt 0.976807 0.000000
vt 0.976318 0.000977
vt 0.969971 0.000488
vt 0.982178 0.709717
vt 0.979004 0.710693
vt 0.978516 0.709717
vt 0.981934 0.109375
vt 0.978516 0.110352
vt 0.977783 0.109375
vt 0.977783 0.111084
vt 0.981689 0.110840
vt 0.018799 0.075195
vt 0.018066 0.074219
vt 0.021973 0.073975
vt 0.022461 0.075439
vt 0.023682 0.704834
vt 0.025391 0.705566
vt 0.029297 0.708740
vt 0.031738 0.704834
vt 0.976807 0.921875
vt 0.980225 0.924072
vt 0.973633 0.926758
vt 0.974609 0.757080
vt 0.977295 0.760254
vt 0.974609 0.762695
vt 0.020508 0.505127
vt 0.020508 0.507568
vt 0.017090 0.505615
vt 0.980469 0.767090
vt 0.980957 0.770508
vt 0.976807 0.768799
vt 0.975830 0.767334
vt 0.978760 0.644287
vt 0.982910 0.647217
vt 0.978760 0.648193
vt 0.980713 0.644287
vt 0.975830 0.159912
vt 0.978271 0.159668
vt 0.979248 0.161133
vt 0.978760 0.162354
vt 0.979980 0.162354
vt 0.981934 0.459473
vt 0.979980 0.459229
vt 0.982910 0.458252
vt 0.978760 0.457031
vt 0.982422 0.457031
vt 0.020020 0.677979
vt 0.021973 0.676514
vt 0.025635 0.677002
vt 0.026367 0.677979
vt 0.022217 0.690430
vt 0.026123 0.690430
vt 0.021973 0.691650
vt 0.028564 0.691406
vt 0.972656 0.392578
vt 0.971924 0.388184
vt 0.977051 0.392090
vt 0.976318 0.393311
vt 0.976318 0.741943
vt 0.968506 0.741943
vt 0.975830 0.740723
vt 0.972168 0.739502
vt 0.067139 0.143799
vt 0.066162 0.147461
vt 0.064697 0.147217
vt 0.062500 0.145996
vt 0.062500 0.144043
vt 0.055664 0.146729
vt 0.123535 0.997803
vt 0.120605 0.993896
vt 0.130371 0.990967
vt 0.130615 0.998047
vt 0.132568 0.988525
vt 0.119873 0.991699
vt 0.118408 0.993896
vt 0.114990 0.995850
vt 0.019775 0.732666
vt 0.020752 0.734619
vt 0.020020 0.736084
vt 0.025391 0.997314
vt 0.025146 0.999023
vt 0.021240 0.997314
vt 0.020020 0.998535
vt 0.981201 0.591797
vt 0.980957 0.593506
vt 0.976562 0.591797
vt 0.977051 0.593506
vt 0.980225 0.633545
vt 0.975586 0.633545
vt 0.980225 0.632324
vt 0.025635 0.733643
vt 0.030518 0.736328
vt 0.025635 0.736816
vt 0.033447 0.733154
vt 0.024902 0.732910
vt 0.033936 0.113037
vt 0.029053 0.109131
vt 0.039307 0.111816
vt 0.031250 0.106934
vt 0.030518 0.105469
vt 0.980957 0.541260
vt 0.976807 0.541260
vt 0.980713 0.540527
vt 0.973877 0.471924
vt 0.969727 0.471924
vt 0.970459 0.469971
vt 0.966064 0.470459
vt 0.031250 0.322021
vt 0.028564 0.324951
vt 0.027832 0.324219
vt 0.024170 0.325684
vt 0.027100 0.322998
vt 0.957275 0.648682
vt 0.958008 0.653076
vt 0.954834 0.643311
vt 0.958008 0.648682
vt 0.965332 0.650879
vt 0.967285 0.651367
vt 0.957764 0.645020
vt 0.961914 0.644287
vt 0.961914 0.646240
vt 0.963135 0.396240
vt 0.958984 0.396484
vt 0.963623 0.393799
vt 0.968018 0.396484
vt 0.980957 0.724609
vt 0.979980 0.728271
vt 0.978760 0.727539
vt 0.981934 0.725342
vt 0.977783 0.193604
vt 0.978760 0.193115
vt 0.979004 0.197021
vt 0.977783 0.197510
vt 0.977783 0.597900
vt 0.981934 0.597900
vt 0.978271 0.599121
vt 0.042236 0.007568
vt 0.033936 0.002441
vt 0.041748 0.004395
vt 0.046143 0.002197
vt 0.034912 0.005859
vt 0.034180 0.006348
vt 0.023682 0.741211
vt 0.026367 0.741699
vt 0.020020 0.741211
vt 0.022461 0.744141
vt 0.026123 0.239258
vt 0.024414 0.241211
vt 0.020264 0.239502
vt 0.976807 0.180664
vt 0.977051 0.176514
vt 0.981934 0.179443
vt 0.980957 0.180176
vt 0.973389 0.708496
vt 0.970703 0.708496
vt 0.970703 0.703613
vt 0.971191 0.701904
vt 0.215088 0.988525
vt 0.215088 0.989502
vt 0.206543 0.990723
vt 0.225586 0.991211
vt 0.225586 0.989258
vt 0.085938 0.143799
vt 0.085693 0.146240
vt 0.071533 0.144287
vt 0.077637 0.147461
vt 0.979980 0.688721
vt 0.979004 0.687744
vt 0.979980 0.685303
vt 0.974854 0.687500
vt 0.979248 0.735352
vt 0.973389 0.735352
vt 0.977051 0.732422
vt 0.965820 0.460449
vt 0.967041 0.460205
vt 0.968750 0.464111
vt 0.966553 0.464844
vt 0.969971 0.463867
vt 0.971191 0.460449
vt 0.975098 0.465332
vt 0.973633 0.459961
vt 0.978271 0.958252
vt 0.973877 0.961670
vt 0.972900 0.958008
vt 0.969727 0.955811
vt 0.964111 0.148926
vt 0.966309 0.153076
vt 0.962891 0.153076
vt 0.964600 0.158447
vt 0.962891 0.148682
vt 0.962891 0.702148
vt 0.966309 0.706055
vt 0.964600 0.706055
vt 0.966309 0.710693
vt 0.962646 0.707520
vt 0.964844 0.711426
vt 0.975830 0.826416
vt 0.978760 0.827148
vt 0.979980 0.830566
vt 0.976562 0.830322
vt 0.979980 0.826660
vt 0.976562 0.825195
vt 0.977783 0.840088
vt 0.977539 0.836914
vt 0.981201 0.840332
vt 0.981201 0.837402
vt 0.977539 0.835938
vt 0.020508 0.263184
vt 0.020508 0.265381
vt 0.017334 0.263428
vt 0.016846 0.264648
vt 0.978271 0.471191
vt 0.978516 0.469727
vt 0.981689 0.471191
vt 0.982422 0.468994
vt 0.022461 0.144043
vt 0.018311 0.145508
vt 0.018066 0.144043
vt 0.022461 0.146484
vt 0.021484 0.258301
vt 0.020020 0.258545
vt 0.020020 0.254395
vt 0.022461 0.254150
vt 0.976562 0.792236
vt 0.977051 0.789795
vt 0.980957 0.791260
vt 0.981201 0.789795
vt 0.020020 0.554932
vt 0.020020 0.550537
vt 0.021729 0.550537
vt 0.022461 0.554688
vt 0.946533 0.582764
vt 0.947266 0.586670
vt 0.942871 0.587646
vt 0.938965 0.583008
vt 0.949463 0.584473
vt 0.953369 0.583984
vt 0.945801 0.755371
vt 0.952393 0.755371
vt 0.947021 0.758789
vt 0.946045 0.759521
vt 0.951416 0.759277
vt 0.952148 0.761475
vt 0.952393 0.758545
vt 0.958496 0.757568
vt 0.966309 0.764648
vt 0.966064 0.760498
vt 0.967041 0.760742
vt 0.959473 0.765381
vt 0.966309 0.759033
vt 0.968994 0.765625
vt 0.970459 0.758057
vt 0.950684 0.877441
vt 0.958740 0.878174
vt 0.956543 0.880615
vt 0.956543 0.881592
vt 0.958496 0.879639
vt 0.960938 0.877441
vt 0.963379 0.879639
vt 0.981934 0.847412
vt 0.978516 0.844971
vt 0.981934 0.845215
vt 0.980957 0.848145
vt 0.977783 0.845947
vt 0.979248 0.411377
vt 0.976562 0.409424
vt 0.977295 0.408691
vt 0.981201 0.409912
vt 0.980957 0.408691
vt 0.021729 0.080322
vt 0.021729 0.081543
vt 0.018555 0.079834
vt 0.017822 0.081543
vt 0.978516 0.774902
vt 0.982178 0.775146
vt 0.981689 0.776367
vt 0.978760 0.776611
s 1
usemtl tripo_mat_679695e6-7f94-4608-b17a-561a2e1c27ac
f 128/1 321/2 79/3
f 347/4 321/2 494/5
f 494/5 321/2 529/6
f 79/3 321/2 147/7
f 79/3 147/7 1598/8
f 529/6 321/2 346/9
f 346/9 321/2 128/1
f 529/6 346/9 760/10
f 79/3 1598/8 1624/11
f 1624/11 1598/8 1779/12
f 1580/13 128/1 79/3
f 1580/13 79/3 1624/11
f 1580/13 1624/11 1652/14
f 1624/11 1779/12 1678/15
f 1624/11 1678/15 1652/14
f 1678/15 1779/12 1853/16
f 1678/15 1853/16 1778/17
f 1652/14 1678/15 1581/18
f 1580/13 1652/14 1611/19
f 1581/18 1678/15 1625/20
f 1625/20 1678/15 1778/17
f 1581/18 1625/20 60/21
f 60/21 1625/20 1778/17
f 60/21 1778/17 1636/22
f 1580/13 1611/19 1524/23
f 1580/13 1524/23 128/1
f 1524/23 1611/19 1537/24
f 1524/23 1537/24 31/25
f 128/1 1524/23 187/26
f 128/1 187/26 346/9
f 1524/23 31/25 107/27
f 1524/23 107/27 187/26
f 346/9 187/26 491/28
f 346/9 491/28 760/10
f 760/10 491/28 636/29
f 760/10 636/29 756/30
f 756/30 636/29 665/31
f 665/31 636/29 556/32
f 556/32 636/29 464/33
f 464/33 636/29 491/28
f 464/33 491/28 343/34
f 343/34 491/28 187/26
f 464/33 343/34 367/35
f 343/34 187/26 201/36
f 343/34 201/36 367/35
f 201/36 187/26 107/27
f 367/35 201/36 199/37
f 199/37 201/36 172/38
f 172/38 201/36 107/27
f 199/37 172/38 173/39
f 172/38 107/27 106/40
f 172/38 106/40 173/39
f 106/40 107/27 30/41
f 30/41 107/27 31/25
f 30/41 31/25 1525/42
f 30/41 1525/42 7/43
f 30/41 7/43 106/40
f 7/43 1525/42 1536/44
f 173/39 106/40 146/45
f 173/39 146/45 93/46
f 93/46 146/45 108/47
f 146/45 106/40 77/48
f 77/48 106/40 7/43
f 146/45 77/48 108/47
f 7/43 1536/44 1535/49
f 7/43 1535/49 77/48
f 1535/49 1536/44 1578/50
f 1535/49 1578/50 1538/51
f 77/48 1535/49 46/52
f 77/48 46/52 108/47
f 46/52 1535/49 1538/51
f 108/47 46/52 59/53
f 46/52 1538/51 32/54
f 46/52 32/54 59/53
f 1537/55 1611/56 33/57
f 33/57 1611/56 10/58
f 31/59 1537/55 1525/60
f 1525/60 1537/55 33/57
f 33/57 10/58 127/61
f 1525/60 33/57 9/62
f 1525/60 9/62 1536/63
f 33/57 127/61 110/64
f 110/64 127/61 186/65
f 110/64 186/65 173/66
f 173/66 186/65 171/67
f 173/66 171/67 199/68
f 110/64 173/66 93/69
f 110/64 93/69 33/57
f 33/57 93/69 9/62
f 8/70 1536/63 9/62
f 8/70 9/62 93/69
f 1536/63 8/70 1578/71
f 8/70 93/69 78/72
f 78/72 93/69 108/73
f 78/72 108/73 59/74
f 8/70 78/72 1539/75
f 8/70 1539/75 1578/71
f 1539/75 78/72 59/74
f 1578/71 1539/75 1538/76
f 1539/75 59/74 32/77
f 1539/75 32/77 1538/76
f 1611/78 1652/79 10/80
f 10/80 1652/79 1581/81
f 10/80 1581/81 202/82
f 10/80 202/82 127/83
f 202/82 1581/81 129/84
f 129/84 1581/81 60/85
f 148/86 322/87 60/85
f 60/85 322/87 129/84
f 129/84 322/87 368/88
f 129/84 368/88 345/89
f 129/84 345/89 221/90
f 129/84 221/90 202/82
f 221/90 345/89 422/91
f 221/90 422/91 395/92
f 395/92 422/91 394/93
f 202/82 221/90 492/94
f 492/94 221/90 395/92
f 395/92 394/93 393/95
f 420/96 489/97 393/95
f 393/95 489/97 560/98
f 393/95 560/98 395/92
f 395/92 560/98 526/99
f 395/92 526/99 492/94
f 526/99 560/98 693/100
f 526/99 693/100 492/94
f 693/100 560/98 692/101
f 693/100 692/101 761/102
f 492/94 693/100 589/103
f 589/103 693/100 759/104
f 589/103 759/104 777/105
f 589/103 777/105 666/106
f 589/103 666/106 558/107
f 492/94 589/103 344/108
f 344/108 589/103 558/107
f 492/94 344/108 202/82
f 202/82 344/108 127/83
f 344/108 558/107 392/109
f 127/83 344/108 186/110
f 344/108 392/109 320/111
f 344/108 320/111 186/110
f 320/111 392/109 419/112
f 186/110 320/111 200/113
f 186/110 200/113 171/114
f 320/111 419/112 319/115
f 320/111 319/115 200/113
f 319/115 419/112 382/116
f 382/116 419/112 383/117
f 383/117 419/112 556/118
f 383/117 556/118 464/119
f 319/115 382/116 271/120
f 319/115 271/120 200/113
f 271/120 382/116 342/121
f 200/113 271/120 184/122
f 271/120 342/121 219/123
f 271/120 219/123 184/122
f 219/123 342/121 244/124
f 219/123 244/124 185/125
f 219/123 185/125 109/126
f 184/122 219/123 126/127
f 126/127 219/123 109/126
f 184/122 126/127 92/128
f 92/128 126/127 109/126
f 367/129 199/130 218/131
f 218/131 199/130 171/132
f 464/133 367/129 383/134
f 383/134 367/129 365/135
f 365/135 367/129 218/131
f 383/134 365/135 382/136
f 218/131 171/132 169/137
f 218/131 169/137 365/135
f 382/136 365/135 318/138
f 318/138 365/135 169/137
f 382/136 318/138 342/139
f 342/139 318/138 170/140
f 170/140 318/138 169/137
f 342/139 170/140 244/141
f 244/141 170/140 185/142
f 185/142 170/140 125/143
f 125/143 170/140 169/137
f 185/142 125/143 109/144
f 109/144 125/143 92/145
f 125/143 169/137 124/146
f 125/143 124/146 92/145
f 124/146 169/137 171/132
f 92/145 124/146 184/147
f 124/146 171/132 200/148
f 124/146 200/148 184/147
f 556/149 419/150 487/151
f 556/149 487/151 665/152
f 487/151 419/150 381/153
f 381/153 419/150 418/154
f 418/154 419/150 392/155
f 557/156 392/155 558/157
f 392/155 557/156 418/154
f 418/154 557/156 463/158
f 418/154 463/158 366/159
f 366/159 463/158 391/160
f 366/159 391/160 292/161
f 292/161 391/160 270/162
f 292/161 270/162 244/163
f 292/161 244/163 366/159
f 244/163 270/162 269/164
f 418/154 366/159 291/165
f 291/165 366/159 244/163
f 418/154 291/165 381/153
f 291/165 244/163 269/164
f 381/153 291/165 380/166
f 380/166 291/165 269/164
f 381/153 380/166 487/151
f 380/166 269/164 486/167
f 486/167 269/164 417/168
f 487/151 380/166 634/169
f 634/169 380/166 486/167
f 487/151 634/169 665/152
f 486/167 417/168 525/170
f 525/170 417/168 390/171
f 525/170 390/171 391/172
f 525/170 391/172 463/173
f 486/167 525/170 635/174
f 635/174 525/170 463/173
f 486/167 635/174 634/169
f 635/174 463/173 557/175
f 635/174 557/175 689/176
f 689/176 557/175 558/177
f 634/169 635/174 709/178
f 709/178 635/174 689/176
f 634/169 709/178 665/152
f 709/178 689/176 793/179
f 665/152 709/178 756/180
f 756/180 709/178 793/179
f 760/181 756/182 879/183
f 879/183 756/182 793/184
f 760/181 879/183 880/185
f 760/181 880/185 780/186
f 760/181 780/186 529/187
f 494/188 529/187 532/189
f 529/187 780/186 593/190
f 529/187 593/190 532/189
f 532/189 593/190 368/191
f 532/189 368/191 322/192
f 368/191 593/190 528/193
f 368/191 528/193 345/194
f 345/194 528/193 590/195
f 345/194 590/195 422/196
f 590/195 528/193 713/197
f 528/193 593/190 714/198
f 528/193 714/198 713/197
f 714/198 593/190 780/186
f 713/197 714/198 761/199
f 714/198 780/186 796/200
f 714/198 796/200 761/199
f 761/199 796/200 693/201
f 693/201 796/200 759/202
f 796/200 780/186 880/185
f 796/200 880/185 759/202
f 759/202 880/185 777/203
f 777/203 880/185 895/204
f 895/204 880/185 879/183
f 777/203 895/204 753/205
f 895/204 879/183 876/206
f 876/206 879/183 793/184
f 753/205 895/204 850/207
f 850/207 895/204 876/206
f 753/205 850/207 773/208
f 753/205 773/208 708/209
f 773/208 850/207 752/210
f 850/207 876/206 849/211
f 850/207 849/211 752/210
f 849/211 876/206 793/184
f 849/211 793/184 774/212
f 752/210 849/211 661/213
f 661/213 849/211 774/212
f 752/210 661/213 461/214
f 774/212 793/184 663/215
f 774/212 663/215 661/213
f 663/215 793/184 689/216
f 461/214 661/213 587/217
f 587/217 661/213 663/215
f 461/214 587/217 462/218
f 663/215 689/216 664/219
f 663/215 664/219 587/217
f 666/220 689/216 558/221
f 689/216 666/220 664/219
f 664/219 666/220 777/222
f 664/219 777/222 753/223
f 462/218 587/217 614/224
f 614/224 587/217 664/219
f 614/224 664/219 753/223
f 462/218 614/224 488/225
f 614/224 753/223 708/226
f 614/224 708/226 488/225
f 417/227 269/228 390/229
f 390/229 269/228 270/230
f 390/229 270/230 391/231
f 1598/232 147/233 47/234
f 1598/232 47/234 1732/235
f 1732/235 47/234 1600/236
f 1598/232 1732/235 1779/237
f 1732/235 1600/236 1867/238
f 1867/238 1600/236 1689/239
f 1779/237 1732/235 1950/240
f 1867/238 1689/239 1952/241
f 1952/241 1689/239 1762/242
f 1732/235 1867/238 2036/243
f 1732/235 2036/243 1950/240
f 1867/238 1952/241 2095/244
f 1867/238 2095/244 2036/243
f 2095/244 1952/241 2182/245
f 2182/245 1952/241 1989/246
f 2095/244 2182/245 2287/247
f 2287/247 2182/245 2152/248
f 2036/243 2095/244 2199/249
f 2199/249 2095/244 2287/247
f 2287/247 2152/248 2270/250
f 2036/243 2199/249 2132/251
f 2036/243 2132/251 1950/240
f 2199/249 2287/247 2256/252
f 2287/247 2270/250 2218/253
f 2287/247 2218/253 2256/252
f 2218/253 2270/250 2257/254
f 2257/254 2270/250 2293/255
f 2257/254 2293/255 2246/256
f 2150/257 2132/251 2199/249
f 2150/257 2199/249 2256/252
f 2257/254 2246/256 2097/258
f 2097/258 2246/256 2050/259
f 2218/253 2257/254 2111/260
f 2111/260 2257/254 2097/258
f 2096/261 2256/252 2218/253
f 2096/261 2218/253 2111/260
f 2150/257 2256/252 2110/262
f 2110/262 2256/252 2096/261
f 2097/258 2050/259 1868/263
f 1868/263 2050/259 1856/264
f 1868/263 1856/264 1614/265
f 1614/265 1856/264 1564/266
f 2097/258 1868/263 1886/267
f 2097/258 1886/267 2111/260
f 1868/263 1614/265 1613/268
f 1868/263 1613/268 1886/267
f 1613/268 1614/265 114/269
f 1613/268 114/269 113/270
f 1886/267 1613/268 1629/271
f 1629/271 1613/268 113/270
f 2111/260 1886/267 1895/272
f 1895/272 1886/267 1629/271
f 2111/260 1895/272 2096/261
f 2096/261 1895/272 1913/273
f 2096/261 1913/273 2110/262
f 1895/272 1629/271 1720/274
f 1895/272 1720/274 1913/273
f 1629/271 113/270 1601/275
f 1629/271 1601/275 1720/274
f 1601/275 113/270 1544/276
f 1544/276 113/270 151/277
f 1544/276 151/277 1612/278
f 1913/273 1720/274 1806/279
f 1913/273 1806/279 2110/262
f 1720/274 1601/275 1543/280
f 1720/274 1543/280 1806/279
f 1544/276 1612/278 111/281
f 111/281 1612/278 1689/282
f 111/281 1689/282 1600/283
f 111/281 1600/283 47/284
f 150/285 1601/275 1544/276
f 150/285 1544/276 111/281
f 1601/275 150/285 1543/280
f 111/281 47/284 273/286
f 111/281 273/286 150/285
f 273/286 47/284 147/287
f 1543/280 150/285 323/288
f 323/288 150/285 273/286
f 273/286 147/287 347/289
f 273/286 347/289 323/288
f 347/289 147/287 321/290
f 323/288 347/289 369/291
f 369/291 347/289 494/292
f 369/291 494/292 532/293
f 369/291 532/293 322/294
f 369/291 322/294 148/295
f 323/288 369/291 80/296
f 80/296 369/291 148/295
f 323/288 80/296 1543/280
f 80/296 148/295 1636/297
f 1636/297 148/295 60/298
f 1543/280 80/296 1704/299
f 1704/299 80/296 1636/297
f 1543/280 1704/299 1806/279
f 1806/279 1704/299 2035/300
f 1806/279 2035/300 2110/262
f 1704/299 1636/297 1854/301
f 1704/299 1854/301 2035/300
f 1854/301 1636/297 1778/302
f 2110/262 2035/300 2150/257
f 1854/301 1778/302 1948/303
f 1854/301 1948/303 2035/300
f 1948/303 1778/302 1853/304
f 2150/257 2035/300 2104/305
f 2104/305 2035/300 1948/303
f 2150/257 2104/305 2132/251
f 1948/303 1853/304 2023/306
f 1948/303 2023/306 2104/305
f 2104/305 2023/306 2132/251
f 2023/306 1853/304 1779/237
f 2132/251 2023/306 1950/240
f 1950/240 2023/306 1779/237
f 113/307 114/308 151/309
f 151/309 114/308 133/310
f 133/310 114/308 63/311
f 63/311 114/308 1614/312
f 151/309 133/310 1546/313
f 151/309 1546/313 1612/314
f 63/311 1614/312 12/315
f 12/315 1614/312 1564/316
f 12/315 1564/316 116/317
f 12/315 116/317 63/311
f 116/317 1564/316 1545/318
f 116/317 1545/318 295/319
f 63/311 116/317 204/320
f 204/320 116/317 295/319
f 63/311 204/320 154/321
f 63/311 154/321 133/310
f 204/320 295/319 400/322
f 204/320 400/322 275/323
f 204/320 275/323 154/321
f 400/322 295/319 596/324
f 596/324 295/319 429/325
f 596/324 429/325 821/326
f 821/326 429/325 820/327
f 596/324 821/326 738/328
f 596/324 738/328 501/329
f 596/324 501/329 400/322
f 501/329 738/328 350/330
f 373/331 275/323 400/322
f 373/331 400/322 501/329
f 275/323 373/331 154/321
f 501/329 350/330 302/332
f 501/329 302/332 373/331
f 154/321 373/331 259/333
f 259/333 373/331 302/332
f 302/332 350/330 118/334
f 118/334 350/330 351/335
f 118/334 351/335 95/336
f 302/332 118/334 36/337
f 118/334 95/336 1693/338
f 1693/338 95/336 134/339
f 259/333 302/332 177/340
f 177/340 302/332 36/337
f 1693/338 134/339 1670/341
f 1670/341 134/339 179/342
f 1670/341 179/342 1632/343
f 1670/341 1632/343 1900/344
f 1900/344 1632/343 1603/345
f 1900/344 1603/345 1876/346
f 1876/346 1603/345 1813/347
f 1670/341 1900/344 1940/348
f 1670/341 1940/348 1955/349
f 1670/341 1955/349 1693/338
f 1693/338 1955/349 1692/350
f 1693/338 1692/350 118/334
f 1692/350 1955/349 1968/351
f 118/334 1692/350 36/337
f 1692/350 1968/351 1734/352
f 1692/350 1734/352 36/337
f 1734/352 1968/351 1982/353
f 1982/353 1968/351 2195/354
f 1982/353 2195/354 2137/355
f 1734/352 1982/353 1746/356
f 1734/352 1746/356 36/337
f 1982/353 2137/355 1991/357
f 1982/353 1991/357 1746/356
f 1991/357 2137/355 2220/358
f 36/337 1746/356 1665/359
f 1665/359 1746/356 1991/357
f 36/337 1665/359 177/340
f 1991/357 2220/358 1990/360
f 1991/357 1990/360 1665/359
f 177/340 1665/359 1708/361
f 1708/361 1665/359 1990/360
f 1990/360 2220/358 2156/362
f 2156/362 2220/358 2304/363
f 2156/362 2304/363 2219/364
f 1990/360 2156/362 2155/365
f 2155/365 2156/362 2219/364
f 2219/364 2304/363 2279/366
f 1990/360 2155/365 2005/367
f 1990/360 2005/367 1708/361
f 2112/368 2279/366 2327/369
f 2279/366 2112/368 2098/370
f 2219/364 2279/366 2183/371
f 2183/371 2279/366 2098/370
f 2183/371 2098/370 2050/372
f 2050/372 2098/370 1856/373
f 2183/371 2050/372 2246/374
f 2219/364 2183/371 2272/375
f 2272/375 2183/371 2246/374
f 2219/364 2272/375 2155/365
f 2272/375 2246/374 2293/376
f 2155/365 2272/375 2212/377
f 2212/377 2272/375 2293/376
f 2155/365 2212/377 2005/367
f 2212/377 2293/376 2152/378
f 2152/378 2293/376 2270/379
f 2005/367 2212/377 2004/380
f 2004/380 2212/377 2152/378
f 2005/367 2004/380 1764/381
f 2005/367 1764/381 1708/361
f 2004/380 2152/378 1989/382
f 1989/382 2152/378 2182/383
f 1764/381 2004/380 1763/384
f 1763/384 2004/380 1989/382
f 1763/384 1989/382 1762/385
f 1762/385 1989/382 1952/386
f 1764/381 1763/384 1546/313
f 1546/313 1763/384 1762/385
f 1546/313 1762/385 1612/314
f 1612/314 1762/385 1689/387
f 1764/381 1546/313 1565/388
f 1764/381 1565/388 1708/361
f 1565/388 1546/313 133/310
f 1565/388 133/310 154/321
f 1708/361 1565/388 84/389
f 84/389 1565/388 154/321
f 1708/361 84/389 177/340
f 84/389 154/321 259/333
f 84/389 259/333 177/340
f 1545/390 1564/391 1856/392
f 2098/393 2112/394 1856/392
f 1545/390 1856/392 1855/395
f 1855/395 1856/392 2112/394
f 1855/395 2112/394 2133/396
f 2133/396 2112/394 2327/397
f 1545/390 1855/395 11/398
f 1855/395 2133/396 1839/399
f 1855/395 1839/399 11/398
f 1545/390 11/398 429/400
f 1545/390 429/400 295/401
f 429/400 11/398 428/402
f 11/398 1839/399 34/403
f 11/398 34/403 428/402
f 1839/399 2133/396 2143/404
f 34/403 1839/399 1826/405
f 1826/405 1839/399 2143/404
f 2143/404 2133/396 2303/406
f 2303/406 2133/396 2327/397
f 1826/405 2143/404 2151/407
f 2303/406 2327/397 2384/408
f 2384/408 2327/397 2372/409
f 2143/404 2303/406 2362/410
f 2362/410 2303/406 2384/408
f 2143/404 2362/410 2151/407
f 2400/411 2384/408 2397/412
f 2384/408 2400/411 2395/413
f 2395/413 2400/411 2389/414
f 2384/408 2395/413 2379/415
f 2379/415 2395/413 2389/414
f 2384/408 2379/415 2362/410
f 2379/415 2389/414 2368/416
f 2362/410 2379/415 2348/417
f 2362/410 2348/417 2151/407
f 2379/415 2368/416 2378/418
f 2379/415 2378/418 2348/417
f 2378/418 2368/416 2377/419
f 2378/418 2377/419 2376/420
f 2378/418 2376/420 2348/417
f 2376/420 2377/419 2347/421
f 2376/420 2347/421 2371/422
f 2361/423 2371/422 2355/424
f 2376/420 2371/422 2375/425
f 2375/425 2371/422 2361/423
f 2348/417 2376/420 2278/426
f 2278/426 2376/420 2375/425
f 2375/425 2361/423 2310/427
f 2375/425 2310/427 2278/426
f 2310/427 2361/423 2292/428
f 2348/417 2278/426 2063/429
f 2348/417 2063/429 2151/407
f 2278/426 2310/427 2086/430
f 2278/426 2086/430 2063/429
f 2310/427 2292/428 2094/431
f 2310/427 2094/431 2086/430
f 2094/431 2292/428 2245/432
f 2094/431 2245/432 2062/433
f 2151/407 2063/429 1744/434
f 1744/434 2063/429 2086/430
f 2086/430 2094/431 1719/435
f 2086/430 1719/435 1744/434
f 2094/431 2062/433 1703/436
f 2094/431 1703/436 1719/435
f 1703/436 2062/433 1702/437
f 1744/434 1719/435 223/438
f 223/438 1719/435 1703/436
f 1703/436 1702/437 293/439
f 1703/436 293/439 223/438
f 1790/440 2151/407 1744/434
f 2151/407 1790/440 1826/405
f 1826/405 1790/440 34/403
f 1790/440 1744/434 130/441
f 130/441 1744/434 223/438
f 34/403 1790/440 62/442
f 62/442 1790/440 130/441
f 34/403 62/442 428/402
f 130/441 223/438 425/443
f 130/441 425/443 62/442
f 564/444 223/438 293/439
f 223/438 564/444 425/443
f 564/444 293/439 671/445
f 671/445 293/439 736/446
f 425/443 564/444 784/447
f 784/447 564/444 671/445
f 62/442 425/443 426/448
f 62/442 426/448 428/402
f 425/443 784/447 836/449
f 425/443 836/449 426/448
f 784/447 671/445 883/450
f 784/447 883/450 836/449
f 858/451 671/445 736/446
f 671/445 858/451 883/450
f 858/451 736/446 1107/452
f 858/451 1107/452 1199/453
f 426/448 836/449 837/454
f 426/448 837/454 428/402
f 883/450 858/451 1081/455
f 1081/455 858/451 1199/453
f 1081/455 1199/453 1285/456
f 1285/456 1199/453 1341/457
f 1081/455 1285/456 1138/458
f 1138/458 1285/456 1305/459
f 883/450 1081/455 940/460
f 883/450 940/460 836/449
f 940/460 1081/455 1138/458
f 1138/458 1305/459 1231/461
f 836/449 940/460 930/462
f 930/462 940/460 1138/458
f 836/449 930/462 837/454
f 1138/458 1231/461 1109/463
f 1138/458 1109/463 930/462
f 1109/463 1231/461 1083/464
f 930/462 1109/463 1004/465
f 1004/465 1109/463 1083/464
f 930/462 1004/465 837/454
f 1004/465 1083/464 1014/466
f 837/454 1004/465 965/467
f 965/467 1004/465 1014/466
f 837/454 965/467 737/468
f 837/454 737/468 428/402
f 428/402 737/468 429/400
f 429/400 737/468 820/469
f 820/469 737/468 965/467
f 965/467 1014/466 966/470
f 965/467 966/470 820/469
f 966/470 1014/466 1017/471
f 820/469 966/470 944/472
f 944/472 966/470 1017/471
f 2239/473 2220/474 2137/475
f 2239/473 2137/475 2195/476
f 2220/474 2239/473 2365/477
f 2220/474 2365/477 2304/478
f 2239/473 2195/476 2324/479
f 2239/473 2324/479 2365/477
f 2324/479 2195/476 2174/480
f 2174/480 2195/476 1968/481
f 2174/480 1968/481 1955/482
f 2304/478 2365/477 2372/483
f 2304/478 2372/483 2279/484
f 2279/484 2372/483 2327/485
f 2372/483 2365/477 2397/486
f 2372/483 2397/486 2384/487
f 2397/486 2365/477 2386/488
f 2386/488 2365/477 2324/479
f 2397/486 2386/488 2394/489
f 2386/488 2324/479 2335/490
f 2335/490 2324/479 2174/480
f 2386/488 2335/490 2394/489
f 2397/486 2394/489 2400/491
f 2400/491 2394/489 2383/492
f 2394/489 2335/490 2380/493
f 2394/489 2380/493 2383/492
f 2335/490 2174/480 2354/494
f 2380/493 2335/490 2391/495
f 2391/495 2335/490 2354/494
f 2380/493 2391/495 2404/496
f 2380/493 2404/496 2383/492
f 2400/491 2383/492 2390/497
f 2400/491 2390/497 2392/498
f 2392/498 2390/497 2387/499
f 2392/498 2387/499 2382/500
f 2387/499 2390/497 2402/501
f 2387/499 2402/501 2398/502
f 2390/497 2383/492 2401/503
f 2390/497 2401/503 2402/501
f 2398/502 2402/501 2409/504
f 2409/504 2402/501 2401/503
f 2398/502 2409/504 2407/505
f 2407/505 2409/504 2410/506
f 2409/504 2401/503 2408/507
f 2408/507 2401/503 2383/492
f 2409/504 2408/507 2410/506
f 2408/507 2383/492 2404/496
f 2410/506 2408/507 2406/508
f 2406/508 2408/507 2404/496
f 2410/506 2406/508 2403/509
f 2406/508 2404/496 2391/495
f 2403/509 2406/508 2396/510
f 2396/510 2406/508 2391/495
f 2403/509 2396/510 2336/511
f 2396/510 2391/495 2354/494
f 2336/511 2396/510 2325/512
f 2325/512 2396/510 2354/494
f 2336/511 2325/512 2079/513
f 2336/511 2079/513 2249/514
f 2249/514 2079/513 1996/515
f 1996/515 2079/513 1876/516
f 1996/515 1876/516 1813/517
f 1876/516 2079/513 2138/518
f 2138/518 2079/513 2325/512
f 1876/516 2138/518 1900/519
f 1900/519 2138/518 1940/520
f 2138/518 2325/512 2175/521
f 2138/518 2175/521 1940/520
f 2175/521 2325/512 2354/494
f 1940/520 2175/521 1955/482
f 2175/521 2354/494 2174/480
f 2175/521 2174/480 1955/482
f 821/522 820/523 944/524
f 821/522 944/524 839/525
f 839/525 944/524 986/526
f 821/522 839/525 738/527
f 839/525 986/526 898/528
f 738/527 839/525 765/529
f 765/529 839/525 898/528
f 738/527 765/529 623/530
f 738/527 623/530 350/531
f 350/531 623/530 351/532
f 351/532 623/530 402/533
f 351/532 402/533 95/534
f 402/533 623/530 722/535
f 402/533 722/535 448/536
f 623/530 765/529 802/537
f 623/530 802/537 722/535
f 448/536 722/535 741/538
f 741/538 722/535 802/537
f 448/536 741/538 510/539
f 510/539 741/538 511/540
f 511/540 741/538 403/541
f 403/541 741/538 576/542
f 403/541 576/542 548/543
f 741/538 802/537 804/544
f 741/538 804/544 576/542
f 548/543 576/542 766/545
f 800/546 802/537 765/529
f 800/546 765/529 898/528
f 802/537 800/546 861/547
f 802/537 861/547 804/544
f 804/544 861/547 841/548
f 861/547 800/546 862/549
f 841/548 861/547 843/550
f 843/550 861/547 862/549
f 804/544 841/548 700/551
f 700/551 841/548 843/550
f 801/552 800/546 898/528
f 800/546 801/552 862/549
f 801/552 898/528 913/553
f 913/553 898/528 986/526
f 913/553 986/526 1005/554
f 913/553 1005/554 945/555
f 913/553 945/555 840/556
f 913/553 840/556 801/552
f 801/552 840/556 721/557
f 801/552 721/557 862/549
f 577/558 721/557 473/559
f 721/557 577/558 805/560
f 721/557 805/560 862/549
f 805/560 577/558 625/561
f 862/549 805/560 807/562
f 807/562 805/560 625/561
f 862/549 807/562 843/550
f 807/562 625/561 650/563
f 807/562 650/563 626/564
f 626/564 650/563 355/565
f 843/550 807/562 608/566
f 608/566 807/562 626/564
f 213/567 433/568 626/564
f 626/564 433/568 608/566
f 608/566 433/568 474/569
f 843/550 608/566 677/570
f 627/571 474/569 450/572
f 843/550 677/570 700/551
f 474/569 627/571 743/573
f 474/569 743/573 608/566
f 743/573 627/571 845/574
f 845/574 627/571 744/575
f 845/574 744/575 948/576
f 608/566 743/573 824/577
f 608/566 824/577 677/570
f 743/573 845/574 1006/578
f 743/573 1006/578 824/577
f 845/574 948/576 1028/579
f 845/574 1028/579 1006/578
f 1028/579 948/576 1183/580
f 1183/580 948/576 1096/581
f 1096/581 948/576 915/582
f 1183/580 1096/581 1290/583
f 1290/583 1096/581 1152/584
f 1028/579 1183/580 1309/585
f 1006/578 1028/579 1289/586
f 1289/586 1028/579 1309/585
f 1289/586 1309/585 1410/587
f 1410/587 1309/585 1411/588
f 1410/587 1411/588 1477/589
f 1477/589 1411/588 1480/590
f 1410/587 1477/589 1449/591
f 1449/591 1477/589 1475/592
f 1289/586 1410/587 1402/593
f 1402/593 1410/587 1449/591
f 1449/591 1475/592 1429/594
f 1289/586 1402/593 1308/595
f 1289/586 1308/595 1006/578
f 1402/593 1449/591 1409/596
f 1409/596 1449/591 1429/594
f 1402/593 1409/596 1308/595
f 1006/578 1308/595 1064/597
f 1006/578 1064/597 824/577
f 1308/595 1409/596 1329/598
f 1308/595 1329/598 1064/597
f 1409/596 1429/594 1343/599
f 1409/596 1343/599 1329/598
f 1343/599 1429/594 1419/600
f 1419/600 1429/594 1459/601
f 1329/598 1343/599 1094/602
f 1329/598 1094/602 1064/597
f 1343/599 1419/600 1344/603
f 1343/599 1344/603 1094/602
f 1419/600 1459/601 1420/604
f 1420/604 1459/601 1430/605
f 1344/603 1419/600 1345/606
f 1345/606 1419/600 1420/604
f 1420/604 1430/605 1346/607
f 1420/604 1346/607 1345/606
f 1346/607 1430/605 1347/608
f 1344/603 1345/606 1095/609
f 1344/603 1095/609 1094/602
f 1345/606 1346/607 1121/610
f 1345/606 1121/610 1095/609
f 1346/607 1347/608 1122/611
f 1346/607 1122/611 1121/610
f 1122/611 1347/608 1268/612
f 863/613 1064/597 1094/602
f 1064/597 863/613 824/577
f 824/577 863/613 677/570
f 677/570 863/613 888/614
f 888/614 863/613 1094/602
f 677/570 888/614 700/551
f 888/614 1094/602 900/615
f 888/614 900/615 700/551
f 900/615 1094/602 1095/609
f 700/551 900/615 648/616
f 700/551 648/616 804/544
f 900/615 1095/609 889/617
f 900/615 889/617 648/616
f 889/617 1095/609 1121/610
f 804/544 648/616 576/542
f 576/542 648/616 844/618
f 844/618 648/616 889/617
f 844/618 889/617 1121/610
f 576/542 844/618 766/545
f 844/618 1121/610 932/619
f 844/618 932/619 766/545
f 932/619 1121/610 1122/611
f 766/545 932/619 864/620
f 932/619 1122/611 1065/621
f 932/619 1065/621 864/620
f 864/620 1065/621 1029/622
f 1065/621 1122/611 1268/612
f 1029/622 1065/621 1213/623
f 1213/623 1065/621 1268/612
f 1213/623 1268/612 1330/624
f 1213/623 1330/624 1239/625
f 1239/625 1330/624 1269/626
f 986/627 944/628 1017/629
f 986/627 1017/629 1005/630
f 1005/630 1017/629 1018/631
f 1018/631 1017/629 1014/632
f 1005/630 1018/631 931/633
f 1005/630 931/633 945/634
f 1018/631 1014/632 1015/635
f 1018/631 1015/635 931/633
f 1015/635 1014/632 1084/636
f 1084/636 1014/632 1083/637
f 945/634 931/633 672/638
f 945/634 672/638 799/639
f 799/639 672/638 565/640
f 672/638 931/633 885/641
f 885/641 931/633 1015/635
f 1015/635 1084/636 943/642
f 1015/635 943/642 885/641
f 1084/636 1083/637 1201/643
f 1201/643 1083/637 1231/644
f 672/638 885/641 697/645
f 697/645 885/641 943/642
f 248/646 203/647 672/638
f 248/646 672/638 697/645
f 1201/643 1231/644 1230/648
f 1230/648 1231/644 1305/649
f 1051/650 1084/636 1201/643
f 1084/636 1051/650 943/642
f 1051/650 1201/643 1230/648
f 1230/648 1305/649 1285/651
f 248/646 697/645 226/652
f 248/646 226/652 1653/653
f 1653/653 226/652 1637/654
f 1637/654 226/652 1626/655
f 226/652 697/645 274/656
f 226/652 274/656 1626/655
f 274/656 697/645 642/657
f 642/657 697/645 943/642
f 1626/655 274/656 225/658
f 274/656 642/657 640/659
f 274/656 640/659 225/658
f 642/657 943/642 941/660
f 941/660 943/642 1051/650
f 640/659 642/657 884/661
f 884/661 642/657 941/660
f 1626/655 225/658 1599/662
f 1626/655 1599/662 2024/663
f 225/658 640/659 397/664
f 225/658 397/664 1599/662
f 640/659 884/661 718/665
f 640/659 718/665 397/664
f 718/665 884/661 835/666
f 884/661 941/660 984/667
f 884/661 984/667 835/666
f 1082/668 941/660 1051/650
f 941/660 1082/668 984/667
f 1082/668 1051/650 1230/648
f 1082/668 1230/648 1169/669
f 1082/668 1169/669 984/667
f 1169/669 1230/648 1285/651
f 1169/669 1285/651 1302/670
f 1302/670 1285/651 1341/671
f 984/667 1169/669 1050/672
f 1050/672 1169/669 1302/670
f 1050/672 1302/670 1255/673
f 984/667 1050/672 835/666
f 835/666 1050/672 909/674
f 835/666 909/674 495/675
f 835/666 495/675 534/676
f 835/666 534/676 718/665
f 718/665 534/676 397/664
f 1541/677 534/676 1540/678
f 534/676 1541/677 1563/679
f 534/676 1563/679 397/664
f 1563/679 1541/677 1976/680
f 397/664 1563/679 1582/681
f 397/664 1582/681 1599/662
f 1563/679 1976/680 1949/682
f 1563/679 1949/682 1582/681
f 1949/682 1976/680 2227/683
f 1949/682 2227/683 2198/684
f 1949/682 2198/684 1933/685
f 1949/682 1933/685 1582/681
f 1582/681 1933/685 1599/662
f 1599/662 1933/685 1977/686
f 134/687 95/688 402/689
f 134/687 402/689 448/690
f 134/687 448/690 179/691
f 179/691 448/690 194/692
f 194/692 448/690 510/693
f 179/691 194/692 1603/694
f 179/691 1603/694 1632/695
f 194/692 510/693 264/696
f 194/692 264/696 1603/694
f 264/696 510/693 511/697
f 1603/694 264/696 16/698
f 1603/694 16/698 1813/699
f 16/698 264/696 88/700
f 1813/699 16/698 1682/701
f 1682/701 16/698 88/700
f 1813/699 1682/701 1996/702
f 264/696 511/697 284/703
f 264/696 284/703 88/700
f 284/703 511/697 212/704
f 212/704 511/697 403/705
f 88/700 284/703 51/706
f 51/706 284/703 212/704
f 212/704 403/705 449/707
f 449/707 403/705 548/708
f 51/706 212/704 285/709
f 285/709 212/704 449/707
f 449/707 548/708 651/710
f 651/710 548/708 766/711
f 449/707 651/710 628/712
f 628/712 651/710 846/713
f 628/712 846/713 788/714
f 449/707 628/712 451/715
f 449/707 451/715 285/709
f 285/709 451/715 384/716
f 285/709 384/716 385/717
f 285/709 385/717 135/718
f 285/709 135/718 51/706
f 51/706 135/718 1616/719
f 51/706 1616/719 88/700
f 1616/719 135/718 1528/720
f 1528/720 135/718 68/721
f 1528/720 68/721 1618/722
f 1616/719 1528/720 1684/723
f 1684/723 1528/720 1618/722
f 88/700 1616/719 1617/724
f 88/700 1617/724 1682/701
f 1616/719 1684/723 1721/725
f 1616/719 1721/725 1617/724
f 1684/723 1618/722 1749/726
f 1749/726 1618/722 1694/727
f 1682/701 1617/724 1814/728
f 1814/728 1617/724 1721/725
f 1682/701 1814/728 1996/702
f 1996/702 1814/728 2089/729
f 1996/702 2089/729 2249/730
f 2089/729 1814/728 1888/731
f 1888/731 1814/728 1721/725
f 2089/729 1888/731 2126/732
f 1797/733 1721/725 1684/723
f 1721/725 1797/733 1888/731
f 1797/733 1684/723 1749/726
f 2126/732 1888/731 1928/734
f 1928/734 1888/731 1797/733
f 2126/732 1928/734 1916/735
f 1916/735 1928/734 1829/736
f 1928/734 1797/733 1859/737
f 1928/734 1859/737 1829/736
f 1859/737 1797/733 1749/726
f 1829/736 1859/737 1783/738
f 1859/737 1749/726 1798/739
f 1859/737 1798/739 1783/738
f 1798/739 1749/726 1694/727
f 1783/738 1798/739 1725/740
f 1798/739 1694/727 1724/741
f 1798/739 1724/741 1725/740
f 2249/742 2089/743 2295/744
f 2295/744 2089/743 2126/745
f 2249/742 2295/744 2336/746
f 2336/746 2295/744 2370/747
f 2336/746 2370/747 2403/748
f 2370/747 2295/744 2318/749
f 2370/747 2318/749 2403/748
f 2295/744 2126/745 2090/750
f 2090/750 2126/745 1916/751
f 2295/744 2090/750 2232/752
f 2295/744 2232/752 2318/749
f 2232/752 2090/750 1985/753
f 2090/750 1916/751 1841/754
f 2090/750 1841/754 1985/753
f 1841/754 1916/751 1750/755
f 1750/755 1916/751 1829/756
f 1750/755 1829/756 1722/757
f 2318/749 2232/752 2027/758
f 2027/758 2232/752 1985/753
f 1750/755 1722/757 1643/759
f 1643/759 1722/757 1619/760
f 1841/754 1750/755 1633/761
f 1633/761 1750/755 1643/759
f 1683/762 1985/753 1841/754
f 1683/762 1841/754 1633/761
f 1683/762 1633/761 89/763
f 89/763 1633/761 1643/759
f 1985/753 1683/762 1748/764
f 1748/764 1683/762 67/765
f 67/765 1683/762 89/763
f 1985/753 1748/764 1796/766
f 1985/753 1796/766 2027/758
f 1748/764 67/765 15/767
f 1748/764 15/767 1796/766
f 67/765 89/763 355/768
f 67/765 355/768 15/767
f 40/769 89/763 1643/759
f 40/769 1643/759 41/770
f 40/769 41/770 180/771
f 40/769 180/771 213/772
f 89/763 40/769 335/773
f 335/773 40/769 213/772
f 89/763 335/773 355/768
f 335/773 213/772 626/774
f 335/773 626/774 355/768
f 334/775 355/768 650/776
f 355/768 334/775 15/767
f 334/775 650/776 625/777
f 15/767 334/775 333/778
f 333/778 334/775 625/777
f 15/767 333/778 14/779
f 333/778 625/777 283/780
f 283/780 625/777 577/781
f 14/779 333/778 1527/782
f 1527/782 333/778 283/780
f 15/767 14/779 1795/783
f 1795/783 14/779 1527/782
f 15/767 1795/783 1796/766
f 283/780 577/781 237/784
f 237/784 577/781 473/785
f 1527/782 283/780 1547/786
f 1547/786 283/780 237/784
f 1796/766 1795/783 2080/787
f 1796/766 2080/787 2027/758
f 1795/783 1527/782 1812/788
f 1795/783 1812/788 2080/787
f 1527/782 1547/786 1811/789
f 1527/782 1811/789 1812/788
f 1547/786 237/784 352/790
f 352/790 237/784 473/785
f 2080/787 1812/788 2078/791
f 2078/791 1812/788 1811/789
f 2275/792 2027/758 2080/787
f 2275/792 2080/787 2078/791
f 2027/758 2275/792 2318/749
f 13/793 1811/789 1547/786
f 13/793 1547/786 352/790
f 2078/791 1811/789 2053/794
f 2318/749 2275/792 2388/795
f 2275/792 2078/791 2280/796
f 2275/792 2280/796 2388/795
f 2280/796 2078/791 2053/794
f 2318/749 2388/795 2403/748
f 1782/797 1811/789 13/793
f 1811/789 1782/797 2053/794
f 2403/748 2388/795 2405/798
f 2403/748 2405/798 2410/799
f 2410/799 2405/798 2407/800
f 2405/798 2388/795 2381/801
f 2381/801 2388/795 2280/796
f 2407/800 2405/798 2399/802
f 2399/802 2405/798 2381/801
f 2407/800 2399/802 2369/803
f 2407/800 2369/803 2398/804
f 2399/802 2381/801 2346/805
f 2399/802 2346/805 2369/803
f 2381/801 2280/796 2264/806
f 2381/801 2264/806 2346/805
f 2264/806 2280/796 2053/794
f 2398/804 2369/803 2382/807
f 2398/804 2382/807 2387/808
f 2382/807 2369/803 2393/809
f 2393/809 2369/803 2374/810
f 2374/810 2369/803 2346/805
f 2374/810 2346/805 2264/806
f 2374/810 2264/806 2332/811
f 2332/811 2264/806 2214/812
f 2214/812 2264/806 2053/794
f 2332/811 2214/812 2230/813
f 2230/813 2214/812 2065/814
f 2230/813 2065/814 2007/815
f 2214/812 2053/794 2021/816
f 2214/812 2021/816 2065/814
f 2021/816 2053/794 1782/797
f 2007/815 2065/814 1939/817
f 1939/817 2065/814 2021/816
f 2007/815 1939/817 1690/818
f 2007/815 1690/818 1638/819
f 1939/817 2021/816 1736/820
f 1736/820 2021/816 1782/797
f 1939/817 1736/820 1690/818
f 1736/820 1782/797 1526/821
f 1526/821 1782/797 13/793
f 1690/818 1736/820 66/822
f 66/822 1736/820 1526/821
f 211/823 1638/819 1690/818
f 211/823 1690/818 66/822
f 1638/819 211/823 229/824
f 1526/821 13/793 281/825
f 1526/821 281/825 66/822
f 66/822 281/825 211/823
f 281/825 13/793 352/790
f 229/824 211/823 572/826
f 572/826 211/823 281/825
f 229/824 572/826 542/827
f 542/827 572/826 543/828
f 572/826 281/825 573/829
f 573/829 281/825 352/790
f 572/826 573/829 543/828
f 543/828 573/829 645/830
f 543/828 645/830 500/831
f 645/830 573/829 720/832
f 573/829 352/790 503/833
f 573/829 503/833 720/832
f 503/833 352/790 473/785
f 503/833 473/785 721/834
f 503/833 721/834 840/835
f 503/833 840/835 720/832
f 720/832 840/835 799/836
f 2392/837 2382/838 2393/839
f 2400/840 2392/837 2389/841
f 2389/841 2392/837 2393/839
f 2389/841 2393/839 2385/842
f 2389/841 2385/842 2363/843
f 2389/841 2363/843 2368/844
f 2385/842 2393/839 2349/845
f 2385/842 2349/845 2363/843
f 2368/844 2363/843 2337/846
f 2368/844 2337/846 2377/847
f 2377/847 2337/846 2347/848
f 2347/848 2337/846 2301/849
f 2347/848 2301/849 2371/850
f 2371/850 2301/849 2356/851
f 2371/850 2356/851 2355/852
f 2227/853 2326/854 2356/851
f 2227/853 2356/851 2198/855
f 2198/855 2356/851 2301/849
f 2301/849 2337/846 2217/856
f 2301/849 2217/856 2198/855
f 2198/855 2217/856 1977/857
f 2198/855 1977/857 1933/858
f 2217/856 2337/846 2286/859
f 2286/859 2337/846 2363/843
f 1977/857 2217/856 2024/860
f 2024/860 2217/856 2286/859
f 1977/857 2024/860 1599/861
f 2286/859 2363/843 2302/862
f 2024/860 2286/859 2017/863
f 2017/863 2286/859 2302/862
f 2024/860 2017/863 1637/864
f 2024/860 1637/864 1626/865
f 1637/864 2017/863 1653/866
f 1653/866 2017/863 2018/867
f 2018/867 2017/863 2302/862
f 2018/867 2302/862 2164/868
f 2349/845 2302/862 2363/843
f 2302/862 2349/845 2164/868
f 2164/868 2349/845 2228/869
f 2228/869 2349/845 2273/870
f 2228/869 2273/870 2116/871
f 2273/870 2349/845 2373/872
f 2373/872 2349/845 2393/839
f 2373/872 2393/839 2374/873
f 2373/872 2374/873 2332/874
f 2373/872 2332/874 2230/875
f 2373/872 2230/875 2273/870
f 2116/871 2273/870 2106/876
f 2106/876 2273/870 2230/875
f 2116/871 2106/876 2006/877
f 2106/876 2230/875 2007/878
f 2006/877 2106/876 1896/879
f 1896/879 2106/876 2007/878
f 1722/880 1829/881 1783/882
f 1722/880 1783/882 1671/883
f 1671/883 1783/882 1725/884
f 1722/880 1671/883 1619/885
f 41/886 1643/887 1619/885
f 41/886 1619/885 1568/888
f 1568/888 1619/885 1671/883
f 41/886 1568/888 158/889
f 1585/890 159/891 1568/888
f 1568/888 1671/883 1695/892
f 1568/888 1695/892 1585/890
f 1695/892 1671/883 1751/893
f 1751/893 1671/883 1725/884
f 1585/890 1695/892 17/894
f 1585/890 17/894 214/895
f 1695/892 1751/893 1620/896
f 1695/892 1620/896 17/894
f 1751/893 1725/884 1767/897
f 1767/897 1725/884 1724/898
f 1767/897 1724/898 1694/899
f 1767/897 1694/899 1723/900
f 1723/900 1694/899 1618/901
f 1751/893 1767/897 1645/902
f 1751/893 1645/902 1620/896
f 1620/896 1645/902 1548/903
f 1620/896 1548/903 53/904
f 1620/896 53/904 17/894
f 17/894 53/904 214/895
f 53/904 1548/903 215/905
f 214/895 53/904 239/906
f 239/906 53/904 215/905
f 1767/907 1723/908 1645/909
f 1645/909 1723/908 1586/910
f 1586/910 1723/908 1644/911
f 1644/911 1723/908 1618/912
f 1644/911 1618/912 68/913
f 1586/910 1644/911 98/914
f 1644/911 68/913 52/915
f 1644/911 52/915 98/914
f 52/915 68/913 307/916
f 98/914 52/915 357/917
f 357/917 52/915 307/916
f 1586/910 98/914 136/918
f 136/918 98/914 357/917
f 1586/910 136/918 18/919
f 1586/910 18/919 1645/909
f 1645/909 18/919 1569/920
f 1645/909 1569/920 1548/921
f 1548/921 1569/920 160/922
f 160/922 1569/920 18/919
f 1548/921 160/922 215/923
f 215/923 160/922 579/924
f 160/922 18/919 287/925
f 160/922 287/925 579/924
f 287/925 18/919 136/918
f 579/924 287/925 630/926
f 287/925 136/918 358/927
f 287/925 358/927 630/926
f 358/927 136/918 357/917
f 630/926 358/927 656/928
f 630/926 656/928 901/929
f 656/928 358/927 681/930
f 681/930 358/927 357/917
f 656/928 681/930 918/931
f 918/931 681/930 680/932
f 680/932 681/930 357/917
f 680/932 357/917 307/916
f 680/932 307/916 306/933
f 306/933 307/916 68/913
f 306/933 68/913 135/934
f 680/932 306/933 655/935
f 306/933 135/934 385/936
f 655/935 306/933 654/937
f 306/933 385/936 454/938
f 306/933 454/938 654/937
f 655/935 654/937 769/939
f 655/935 769/939 866/940
f 769/939 654/937 679/941
f 654/937 454/938 513/942
f 654/937 513/942 679/941
f 454/938 385/936 435/943
f 454/938 435/943 513/942
f 679/941 513/942 702/944
f 769/939 679/941 768/945
f 768/945 679/941 702/944
f 769/939 768/945 788/946
f 702/944 513/942 578/947
f 702/944 578/947 768/945
f 578/947 513/942 435/943
f 788/946 768/945 767/948
f 767/948 768/945 578/947
f 788/946 767/948 652/949
f 788/946 652/949 628/950
f 767/948 578/947 475/951
f 475/951 578/947 435/943
f 767/948 475/951 652/949
f 652/949 475/951 452/952
f 652/949 452/952 628/950
f 452/952 475/951 435/943
f 628/950 452/952 512/953
f 628/950 512/953 451/954
f 452/952 435/943 404/955
f 452/952 404/955 512/953
f 512/953 404/955 451/954
f 404/955 435/943 385/936
f 451/954 404/955 384/956
f 384/956 404/955 385/936
f 239/957 215/958 549/959
f 549/959 215/958 579/960
f 549/959 579/960 867/961
f 867/961 579/960 951/962
f 867/961 951/962 1164/963
f 867/961 1164/963 970/964
f 549/959 867/961 808/965
f 808/965 867/961 970/964
f 970/964 1164/963 1035/966
f 970/964 1035/966 808/965
f 1035/966 1164/963 1277/967
f 549/959 808/965 515/968
f 549/959 515/968 239/957
f 808/965 1035/966 825/969
f 808/965 825/969 515/968
f 1035/966 1277/967 1101/970
f 1035/966 1101/970 825/969
f 1101/970 1277/967 1333/971
f 239/957 515/968 514/972
f 514/972 515/968 825/969
f 239/957 514/972 214/973
f 1101/970 1333/971 1162/974
f 514/972 825/969 479/975
f 514/972 479/975 214/973
f 847/976 825/969 1101/970
f 847/976 1101/970 1162/974
f 825/969 847/976 479/975
f 1585/977 214/973 159/978
f 159/978 214/973 479/975
f 847/976 1162/974 917/979
f 847/976 917/979 479/975
f 159/978 479/975 158/980
f 159/978 158/980 1568/981
f 917/979 1162/974 1275/982
f 1275/982 1162/974 1435/983
f 1275/982 1435/983 1404/984
f 917/979 1275/982 1248/985
f 1248/985 1275/982 1404/984
f 916/986 479/975 917/979
f 916/986 917/979 1248/985
f 1248/985 1404/984 1397/987
f 1397/987 1404/984 1473/988
f 1248/985 1397/987 1249/989
f 1248/985 1249/989 950/990
f 1248/985 950/990 916/986
f 950/990 1249/989 1292/991
f 478/992 479/975 916/986
f 479/975 478/992 158/980
f 916/986 950/990 770/993
f 916/986 770/993 478/992
f 950/990 1292/991 1124/994
f 1124/994 1292/991 1313/995
f 1124/994 1313/995 1219/996
f 950/990 1124/994 933/997
f 950/990 933/997 770/993
f 1124/994 1219/996 1030/998
f 1124/994 1030/998 933/997
f 1312/999 1190/1000 1219/996
f 1030/998 1219/996 1069/1001
f 1069/1001 1219/996 1190/1000
f 1069/1001 1190/1000 1159/1002
f 1159/1002 1190/1000 1217/1003
f 1159/1002 1217/1003 1155/1004
f 1159/1002 1155/1004 1069/1001
f 1069/1001 1155/1004 1068/1005
f 1068/1005 1155/1004 1152/1006
f 1152/1006 1155/1004 1215/1007
f 1069/1001 1068/1005 1007/1008
f 1007/1008 1068/1005 1152/1006
f 1069/1001 1007/1008 1030/998
f 1007/1008 1152/1006 1096/1009
f 1007/1008 1096/1009 915/1010
f 1030/998 1007/1008 865/1011
f 865/1011 1007/1008 915/1010
f 1030/998 865/1011 933/997
f 933/997 865/1011 653/1012
f 933/997 653/1012 770/993
f 865/1011 915/1010 701/1013
f 865/1011 701/1013 653/1012
f 701/1013 915/1010 744/1014
f 744/1014 915/1010 948/1015
f 701/1013 744/1014 450/1016
f 450/1016 744/1014 627/1017
f 701/1013 450/1016 434/1018
f 701/1013 434/1018 653/1012
f 434/1018 450/1016 374/1019
f 374/1019 450/1016 474/1020
f 374/1019 474/1020 433/1021
f 374/1019 433/1021 213/1022
f 374/1019 213/1022 180/1023
f 374/1019 180/1023 356/1024
f 374/1019 356/1024 434/1018
f 356/1024 180/1023 286/1025
f 286/1025 180/1023 238/1026
f 238/1026 180/1023 41/1027
f 356/1024 286/1025 265/1028
f 265/1028 286/1025 238/1026
f 434/1018 356/1024 375/1029
f 375/1029 356/1024 265/1028
f 238/1026 41/1027 158/980
f 434/1018 375/1029 304/1030
f 304/1030 375/1029 265/1028
f 265/1028 238/1026 266/1031
f 265/1028 266/1031 304/1030
f 238/1026 158/980 308/1032
f 238/1026 308/1032 266/1031
f 308/1032 158/980 455/1033
f 455/1033 158/980 478/992
f 434/1018 304/1030 453/1034
f 308/1032 455/1033 336/1035
f 308/1032 336/1035 266/1031
f 434/1018 453/1034 653/1012
f 305/1036 304/1030 266/1031
f 304/1030 305/1036 453/1034
f 453/1034 305/1036 629/1037
f 453/1034 629/1037 653/1012
f 629/1037 305/1036 609/1038
f 629/1037 609/1038 653/1012
f 305/1036 266/1031 376/1039
f 376/1039 266/1031 336/1035
f 305/1036 376/1039 609/1038
f 376/1039 336/1035 476/1040
f 376/1039 476/1040 609/1038
f 476/1040 336/1035 477/1041
f 476/1040 477/1041 609/1038
f 477/1041 336/1035 455/1033
f 610/1042 653/1012 609/1038
f 610/1042 609/1038 477/1041
f 610/1042 477/1041 455/1033
f 653/1012 610/1042 770/993
f 610/1042 455/1033 478/992
f 610/1042 478/992 770/993
f 1164/1043 951/1044 1250/1045
f 1164/1043 1250/1045 1277/1046
f 1277/1046 1250/1045 1334/1047
f 1277/1046 1334/1047 1392/1048
f 1277/1046 1392/1048 1333/1049
f 1392/1048 1334/1047 1314/1050
f 1314/1050 1334/1047 1250/1045
f 1392/1048 1314/1050 1373/1051
f 1373/1051 1314/1050 1220/1052
f 1314/1050 1250/1045 1221/1053
f 1221/1053 1250/1045 951/1044
f 1220/1052 1314/1050 1163/1054
f 1163/1054 1314/1050 1221/1053
f 1220/1052 1163/1054 918/1055
f 1163/1054 1221/1053 1072/1056
f 918/1055 1163/1054 901/1057
f 901/1057 1163/1054 1072/1056
f 918/1055 901/1057 656/1058
f 1072/1056 1221/1053 919/1059
f 1072/1056 919/1059 901/1057
f 919/1059 1221/1053 951/1044
f 901/1057 919/1059 630/1060
f 919/1059 951/1044 579/1061
f 919/1059 579/1061 630/1060
f 1162/1062 1333/1063 1372/1064
f 1162/1062 1372/1064 1435/1065
f 1372/1064 1333/1063 1392/1066
f 1435/1065 1372/1064 1490/1067
f 1372/1064 1392/1066 1405/1068
f 1372/1064 1405/1068 1490/1067
f 1405/1068 1392/1066 1391/1069
f 1391/1069 1392/1066 1373/1070
f 1490/1067 1405/1068 1503/1071
f 1490/1067 1503/1071 1513/1072
f 1405/1068 1391/1069 1497/1073
f 1405/1068 1497/1073 1503/1071
f 1391/1069 1373/1070 1276/1074
f 1276/1074 1373/1070 1220/1075
f 1497/1073 1391/1069 1463/1076
f 1463/1076 1391/1069 1276/1074
f 1513/1072 1503/1071 1517/1077
f 1513/1072 1517/1077 1512/1078
f 1503/1071 1497/1073 1516/1079
f 1503/1071 1516/1079 1517/1077
f 1516/1079 1497/1073 1511/1080
f 1511/1080 1497/1073 1463/1076
f 1512/1078 1517/1077 1515/1081
f 1517/1077 1516/1079 1514/1082
f 1517/1077 1514/1082 1515/1081
f 1512/1078 1515/1081 1353/1083
f 1353/1083 1515/1081 1514/1082
f 1512/1078 1353/1083 1249/1084
f 1249/1084 1353/1083 1292/1085
f 1510/1086 1516/1079 1511/1080
f 1516/1079 1510/1086 1514/1082
f 1353/1083 1514/1082 1293/1087
f 1293/1087 1514/1082 1510/1086
f 1292/1085 1353/1083 1380/1088
f 1510/1086 1511/1080 1506/1089
f 1510/1086 1506/1089 1293/1087
f 1506/1089 1511/1080 1507/1090
f 1507/1090 1511/1080 1463/1076
f 1506/1089 1507/1090 1501/1091
f 1506/1089 1501/1091 1293/1087
f 1507/1090 1463/1076 1502/1092
f 1507/1090 1502/1092 1501/1091
f 1501/1091 1502/1092 1447/1093
f 1501/1091 1447/1093 1293/1087
f 1502/1092 1463/1076 1448/1094
f 1502/1092 1448/1094 1447/1093
f 1448/1094 1463/1076 1371/1095
f 1371/1095 1463/1076 1276/1074
f 1447/1093 1448/1094 1370/1096
f 1370/1096 1448/1094 1371/1095
f 1447/1093 1370/1096 1293/1087
f 1371/1095 1276/1074 1033/1097
f 1371/1095 1033/1097 1370/1096
f 1033/1097 1276/1074 949/1098
f 949/1098 1276/1074 1220/1075
f 949/1098 1220/1075 918/1099
f 949/1098 918/1099 680/1100
f 949/1098 680/1100 1033/1097
f 1033/1097 680/1100 1032/1101
f 1033/1097 1032/1101 1370/1096
f 1032/1101 680/1100 655/1102
f 1032/1101 655/1102 866/1103
f 1370/1096 1032/1101 1034/1104
f 1034/1104 1032/1101 866/1103
f 1370/1096 1034/1104 1293/1087
f 1293/1087 1034/1104 1332/1105
f 1293/1087 1332/1105 1353/1083
f 1034/1104 866/1103 1031/1106
f 788/1107 866/1103 769/1108
f 866/1103 788/1107 1031/1106
f 1034/1104 1031/1106 1247/1109
f 1034/1104 1247/1109 1332/1105
f 1353/1083 1332/1105 1380/1088
f 1031/1106 788/1107 969/1110
f 969/1110 788/1107 846/1111
f 1247/1109 1031/1106 1186/1112
f 1186/1112 1031/1106 969/1110
f 1332/1105 1247/1109 1369/1113
f 969/1110 846/1111 1029/1114
f 1029/1114 846/1111 864/1115
f 864/1115 846/1111 651/1116
f 864/1115 651/1116 766/1117
f 969/1110 1029/1114 1123/1118
f 969/1110 1123/1118 1186/1112
f 1123/1118 1029/1114 1213/1119
f 1123/1118 1213/1119 1239/1120
f 1123/1118 1239/1120 1184/1121
f 1186/1112 1123/1118 1185/1122
f 1185/1122 1123/1118 1184/1121
f 1311/1123 1247/1109 1186/1112
f 1311/1123 1186/1112 1185/1122
f 1247/1109 1311/1123 1369/1113
f 1184/1121 1239/1120 1241/1124
f 1184/1121 1241/1124 1185/1122
f 1241/1124 1239/1120 1270/1125
f 1270/1125 1239/1120 1269/1126
f 1185/1122 1241/1124 1273/1127
f 1185/1122 1273/1127 1311/1123
f 1241/1124 1270/1125 1272/1128
f 1241/1124 1272/1128 1273/1127
f 1270/1125 1269/1126 1242/1129
f 1270/1125 1242/1129 1272/1128
f 1242/1129 1269/1126 1310/1130
f 1310/1130 1269/1126 1377/1131
f 1272/1128 1242/1129 1243/1132
f 1243/1132 1242/1129 1310/1130
f 1273/1127 1272/1128 1274/1133
f 1274/1133 1272/1128 1243/1132
f 1368/1134 1311/1123 1273/1127
f 1368/1134 1273/1127 1274/1133
f 1311/1123 1368/1134 1369/1113
f 1274/1133 1243/1132 1367/1135
f 1274/1133 1367/1135 1368/1134
f 1350/1136 1243/1132 1310/1130
f 1243/1132 1350/1136 1367/1135
f 1369/1113 1368/1134 1390/1137
f 1390/1137 1368/1134 1367/1135
f 1369/1113 1390/1137 1332/1105
f 1390/1137 1367/1135 1350/1136
f 1332/1105 1390/1137 1380/1088
f 1350/1136 1310/1130 1349/1138
f 1349/1138 1310/1130 1396/1139
f 1350/1136 1349/1138 1351/1140
f 1349/1138 1396/1139 1291/1141
f 1390/1137 1350/1136 1378/1142
f 1390/1137 1378/1142 1380/1088
f 1378/1142 1350/1136 1351/1140
f 1351/1140 1349/1138 1331/1143
f 1351/1140 1331/1143 1378/1142
f 1331/1143 1349/1138 1291/1141
f 1380/1088 1378/1142 1379/1144
f 1379/1144 1378/1142 1331/1143
f 1380/1088 1379/1144 1292/1085
f 1292/1085 1379/1144 1313/1145
f 1313/1145 1379/1144 1312/1146
f 1313/1145 1312/1146 1219/1147
f 1379/1144 1331/1143 1352/1148
f 1379/1144 1352/1148 1312/1146
f 1352/1148 1331/1143 1216/1149
f 1216/1149 1331/1143 1291/1141
f 1312/1146 1352/1148 1218/1150
f 1218/1150 1352/1148 1216/1149
f 1312/1146 1218/1150 1190/1151
f 1190/1151 1218/1150 1217/1152
f 1217/1152 1218/1150 1216/1149
f 1216/1149 1291/1141 1187/1153
f 1216/1149 1187/1153 1217/1152
f 1217/1152 1187/1153 1215/1154
f 1217/1152 1215/1154 1155/1155
f 1187/1153 1291/1141 1214/1156
f 1187/1153 1214/1156 1215/1154
f 1214/1156 1291/1141 1366/1157
f 1215/1154 1214/1156 1152/1158
f 1152/1158 1214/1156 1290/1159
f 1473/1160 1404/1161 1435/1162
f 1473/1160 1435/1162 1505/1163
f 1473/1160 1505/1163 1472/1164
f 1473/1160 1472/1164 1397/1165
f 1397/1165 1472/1164 1249/1166
f 1472/1164 1505/1163 1504/1167
f 1472/1164 1504/1167 1249/1166
f 1505/1163 1435/1162 1509/1168
f 1505/1163 1509/1168 1504/1167
f 1509/1168 1435/1162 1490/1169
f 1509/1168 1490/1169 1513/1170
f 1504/1167 1509/1168 1508/1171
f 1504/1167 1508/1171 1249/1166
f 1508/1171 1509/1168 1513/1170
f 1249/1166 1508/1171 1512/1172
f 1512/1172 1508/1171 1513/1170
f 1429/1173 1475/1174 1459/1175
f 1459/1175 1475/1174 1485/1176
f 1459/1175 1485/1176 1430/1177
f 1485/1176 1475/1174 1499/1178
f 1499/1178 1475/1174 1477/1179
f 1499/1178 1477/1179 1480/1180
f 1430/1177 1485/1176 1431/1181
f 1499/1178 1480/1180 1500/1182
f 1485/1176 1499/1178 1486/1183
f 1486/1183 1499/1178 1500/1182
f 1485/1176 1486/1183 1431/1181
f 1430/1177 1431/1181 1347/1184
f 1500/1182 1480/1180 1492/1185
f 1500/1182 1492/1185 1486/1183
f 1492/1185 1480/1180 1466/1186
f 1466/1186 1480/1180 1411/1187
f 1486/1183 1492/1185 1478/1188
f 1486/1183 1478/1188 1431/1181
f 1492/1185 1466/1186 1476/1189
f 1492/1185 1476/1189 1478/1188
f 1466/1186 1411/1187 1412/1190
f 1412/1190 1411/1187 1309/1191
f 1412/1190 1309/1191 1413/1192
f 1412/1190 1413/1192 1467/1193
f 1431/1181 1478/1188 1432/1194
f 1431/1181 1432/1194 1347/1184
f 1432/1194 1478/1188 1460/1195
f 1460/1195 1478/1188 1476/1189
f 1432/1194 1460/1195 1421/1196
f 1432/1194 1421/1196 1347/1184
f 1421/1196 1460/1195 1267/1197
f 1267/1197 1460/1195 1476/1189
f 1421/1196 1267/1197 1347/1184
f 1467/1193 1267/1197 1412/1190
f 1267/1197 1467/1193 1492/1198
f 1267/1197 1492/1198 1479/1199
f 1388/1200 1268/1201 1347/1184
f 1388/1200 1347/1184 1439/1202
f 1432/1203 1479/1199 1439/1202
f 1432/1203 1439/1202 1347/1184
f 1479/1199 1432/1203 1267/1197
f 1267/1197 1432/1203 1347/1184
f 1309/1204 1412/1190 1267/1197
f 1412/1190 1309/1204 1403/1205
f 1403/1205 1309/1204 1267/1197
f 1412/1190 1403/1205 1450/1206
f 1450/1206 1403/1205 1267/1197
f 1450/1206 1267/1197 1476/1189
f 1412/1190 1450/1206 1466/1186
f 1466/1186 1450/1206 1476/1189
f 1492/1207 1467/1208 1481/1209
f 1481/1209 1467/1208 1413/1210
f 1492/1207 1481/1209 1496/1211
f 1481/1209 1413/1210 1422/1212
f 1492/1207 1496/1211 1487/1213
f 1492/1207 1487/1213 1479/1214
f 1479/1214 1487/1213 1439/1215
f 1496/1211 1481/1209 1468/1216
f 1468/1216 1481/1209 1422/1212
f 1487/1213 1496/1211 1482/1217
f 1439/1215 1487/1213 1440/1218
f 1440/1218 1487/1213 1482/1217
f 1439/1215 1440/1218 1388/1219
f 1482/1217 1496/1211 1488/1220
f 1488/1220 1496/1211 1468/1216
f 1482/1217 1488/1220 1469/1221
f 1469/1221 1488/1220 1468/1216
f 1440/1218 1482/1217 1433/1222
f 1482/1217 1469/1221 1461/1223
f 1482/1217 1461/1223 1433/1222
f 1389/1224 1388/1219 1440/1218
f 1389/1224 1440/1218 1433/1222
f 1388/1219 1389/1224 1330/1225
f 1388/1219 1330/1225 1268/1226
f 1389/1224 1433/1222 1441/1227
f 1433/1222 1461/1223 1489/1228
f 1489/1228 1461/1223 1469/1221
f 1441/1227 1433/1222 1470/1229
f 1470/1229 1433/1222 1489/1228
f 1389/1224 1441/1227 1442/1230
f 1389/1224 1442/1230 1330/1225
f 1441/1227 1470/1229 1462/1231
f 1441/1227 1462/1231 1442/1230
f 1462/1231 1470/1229 1489/1228
f 1330/1225 1442/1230 1377/1232
f 1330/1225 1377/1232 1269/1233
f 1442/1230 1462/1231 1453/1234
f 1453/1234 1462/1231 1489/1228
f 1442/1230 1453/1234 1377/1232
f 1377/1232 1453/1234 1396/1235
f 1377/1232 1396/1235 1310/1236
f 1453/1234 1489/1228 1471/1237
f 1453/1234 1471/1237 1396/1235
f 1471/1237 1489/1228 1493/1238
f 1493/1238 1489/1228 1469/1221
f 1471/1237 1493/1238 1483/1239
f 1483/1239 1493/1238 1469/1221
f 1396/1235 1471/1237 1446/1240
f 1446/1240 1471/1237 1483/1239
f 1396/1235 1446/1240 1366/1241
f 1396/1235 1366/1241 1291/1242
f 1483/1239 1469/1221 1451/1243
f 1451/1243 1469/1221 1468/1216
f 1451/1243 1468/1216 1423/1244
f 1451/1243 1423/1244 1483/1239
f 1423/1244 1468/1216 1422/1212
f 1483/1239 1423/1244 1452/1245
f 1454/1246 1446/1240 1483/1239
f 1454/1246 1483/1239 1452/1245
f 1452/1245 1423/1244 1434/1247
f 1452/1245 1434/1247 1454/1246
f 1423/1244 1422/1212 1365/1248
f 1423/1244 1365/1248 1434/1247
f 1446/1240 1454/1246 1424/1249
f 1424/1249 1454/1246 1434/1247
f 1424/1249 1434/1247 1365/1248
f 1446/1240 1424/1249 1366/1241
f 1366/1241 1424/1249 1290/1250
f 1290/1250 1424/1249 1365/1248
f 1366/1241 1290/1250 1214/1251
f 1348/1252 1365/1248 1422/1212
f 1365/1248 1348/1252 1290/1250
f 1348/1252 1422/1212 1413/1210
f 1290/1250 1348/1252 1183/1253
f 1348/1252 1413/1210 1309/1254
f 1348/1252 1309/1254 1183/1253
f 1067/1255 1155/1256 1066/1257
f 1067/1255 1066/1257 1097/1258
f 1155/1256 1067/1255 1070/1259
f 1070/1259 1067/1255 1097/1258
f 1155/1256 1070/1259 1158/1260
f 1158/1260 1070/1259 1071/1261
f 1071/1261 1070/1259 1097/1258
f 1071/1261 1097/1258 1100/1262
f 1066/1263 1155/1264 1153/1265
f 1066/1263 1153/1265 1097/1266
f 1153/1265 1155/1264 1188/1267
f 1188/1267 1155/1264 1158/1268
f 1188/1267 1158/1268 1161/1269
f 1161/1269 1158/1268 1071/1270
f 1161/1269 1071/1270 1100/1271
f 1153/1272 1188/1273 1215/1274
f 1153/1272 1215/1274 1097/1275
f 1215/1274 1188/1273 1189/1276
f 1189/1276 1188/1273 1161/1277
f 1189/1276 1161/1277 1100/1278
f 1215/1274 1189/1276 1098/1279
f 1215/1274 1098/1279 1097/1275
f 1189/1276 1100/1278 1099/1280
f 1189/1276 1099/1280 1098/1279
f 1099/1280 1100/1278 1097/1275
f 1099/1280 1097/1275 1098/1279
f 1148/1281 1241/1282 1151/1283
f 1241/1282 1148/1281 1240/1284
f 1240/1284 1148/1281 1149/1285
f 1149/1285 1148/1281 1151/1283
f 1151/1283 1241/1282 1154/1286
f 1151/1283 1154/1286 1149/1285
f 1149/1285 1154/1286 1157/1287
f 1157/1287 1154/1286 1245/1288
f 1157/1287 1245/1288 1246/1289
f 1154/1290 1241/1291 1245/1292
f 1245/1292 1241/1291 1271/1293
f 1271/1293 1241/1291 1240/1294
f 1245/1292 1271/1293 1246/1295
f 1271/1293 1240/1294 1270/1296
f 1246/1295 1271/1293 1244/1297
f 1244/1297 1271/1293 1270/1296
f 1270/1298 1240/1299 1149/1300
f 1270/1298 1149/1300 1150/1301
f 1150/1301 1149/1300 1157/1302
f 1270/1298 1150/1301 1244/1303
f 1150/1301 1157/1302 1156/1304
f 1150/1301 1156/1304 1244/1303
f 1156/1304 1157/1302 1160/1305
f 1156/1304 1160/1305 1244/1303
f 1160/1305 1157/1302 1246/1306
f 1160/1305 1246/1306 1244/1303
f 1474/1307 1443/1308 1414/1309
f 1414/1309 1443/1308 1294/1310
f 1474/1307 1414/1309 1484/1311
f 1484/1311 1414/1309 1294/1310
f 1474/1307 1484/1311 1498/1312
f 1498/1312 1484/1311 1455/1313
f 1455/1313 1484/1311 1294/1310
f 1455/1313 1294/1310 1008/1314
f 1008/1314 1294/1310 1009/1315
f 1008/1314 1009/1315 745/1316
f 1455/1313 1008/1314 1381/1317
f 1455/1313 1381/1317 1382/1318
f 1382/1318 1381/1317 1125/1319
f 1381/1317 1008/1314 550/1320
f 550/1320 1008/1314 745/1316
f 1125/1319 1381/1317 920/1321
f 920/1321 1381/1317 550/1320
f 1125/1319 920/1321 809/1322
f 1125/1319 809/1322 869/1323
f 920/1321 550/1320 480/1324
f 920/1321 480/1324 809/1322
f 550/1320 745/1316 138/1325
f 138/1325 745/1316 518/1326
f 138/1325 518/1326 162/1327
f 550/1320 138/1325 120/1328
f 550/1320 120/1328 480/1324
f 120/1328 138/1325 1658/1329
f 120/1328 1658/1329 195/1330
f 120/1328 195/1330 480/1324
f 480/1324 195/1330 481/1331
f 480/1324 481/1331 809/1322
f 809/1322 481/1331 869/1323
f 481/1331 195/1330 216/1332
f 869/1323 481/1331 519/1333
f 519/1333 481/1331 216/1332
f 519/1333 216/1332 99/1334
f 519/1333 99/1334 240/1335
f 240/1335 99/1334 69/1336
f 240/1335 69/1336 241/1337
f 241/1337 69/1336 55/1338
f 241/1337 55/1338 1518/1339
f 1443/1340 1474/1341 1494/1342
f 1494/1342 1474/1341 1498/1343
f 1443/1340 1494/1342 1491/1344
f 1443/1340 1491/1344 1436/1345
f 1443/1340 1436/1345 1294/1346
f 1491/1344 1494/1342 1495/1347
f 1495/1347 1494/1342 1498/1343
f 1491/1344 1495/1347 1465/1348
f 1491/1344 1465/1348 1436/1345
f 1294/1346 1436/1345 1295/1349
f 1294/1346 1295/1349 1009/1350
f 1436/1345 1465/1348 1406/1351
f 1009/1350 1295/1349 1036/1352
f 1036/1352 1295/1349 1436/1345
f 1036/1352 1436/1345 1406/1351
f 1009/1350 1036/1352 745/1353
f 1406/1351 1465/1348 1251/1354
f 1406/1351 1251/1354 1036/1352
f 1251/1354 1465/1348 1464/1355
f 1464/1355 1465/1348 1495/1347
f 1251/1354 1464/1355 1335/1356
f 1464/1355 1495/1347 1456/1357
f 1456/1357 1495/1347 1498/1343
f 1464/1355 1456/1357 1335/1356
f 1456/1357 1498/1343 1455/1358
f 1456/1357 1455/1358 1382/1359
f 1456/1357 1382/1359 1335/1356
f 1335/1356 1382/1359 1125/1360
f 1251/1354 1335/1356 935/1361
f 1251/1354 935/1361 1036/1352
f 1335/1356 1125/1360 972/1362
f 1335/1356 972/1362 935/1361
f 972/1362 1125/1360 869/1363
f 1036/1352 935/1361 811/1364
f 1036/1352 811/1364 745/1353
f 745/1353 811/1364 518/1365
f 811/1364 935/1361 704/1366
f 704/1366 935/1361 972/1362
f 518/1365 811/1364 484/1367
f 484/1367 811/1364 704/1366
f 518/1365 484/1367 162/1368
f 724/1369 972/1362 869/1363
f 972/1362 724/1369 704/1366
f 724/1369 869/1363 519/1370
f 484/1367 704/1366 580/1371
f 580/1371 704/1366 724/1369
f 162/1368 484/1367 409/1372
f 409/1372 484/1367 580/1371
f 162/1368 409/1372 139/1373
f 139/1373 409/1372 456/1374
f 456/1374 409/1372 657/1375
f 657/1375 409/1372 580/1371
f 456/1374 657/1375 457/1376
f 457/1376 657/1375 632/1377
f 457/1376 632/1377 582/1378
f 582/1378 632/1377 581/1379
f 581/1379 632/1377 657/1375
f 582/1378 581/1379 520/1380
f 657/1375 580/1371 631/1381
f 657/1375 631/1381 581/1379
f 520/1380 581/1379 387/1382
f 387/1382 581/1379 631/1381
f 520/1380 387/1382 359/1383
f 359/1383 387/1382 163/1384
f 631/1381 580/1371 551/1385
f 551/1385 580/1371 724/1369
f 551/1385 724/1369 519/1370
f 551/1385 519/1370 408/1386
f 408/1386 519/1370 240/1387
f 631/1381 551/1385 436/1388
f 436/1388 551/1385 408/1386
f 631/1381 436/1388 387/1382
f 436/1388 408/1386 240/1387
f 436/1388 240/1387 241/1389
f 387/1382 436/1388 196/1390
f 196/1390 436/1388 241/1389
f 387/1382 196/1390 163/1384
f 196/1390 241/1389 1518/1391
f 163/1384 196/1390 1520/1392
f 1520/1392 196/1390 1518/1391
f 55/1393 69/1394 1657/1395
f 1657/1395 69/1394 99/1396
f 55/1393 1657/1395 1685/1397
f 1685/1397 1657/1395 1815/1398
f 1685/1397 1815/1398 1713/1399
f 1685/1397 1713/1399 55/1393
f 55/1393 1713/1399 1518/1400
f 1657/1395 99/1396 1672/1401
f 1657/1395 1672/1401 1784/1402
f 1784/1402 1672/1401 1831/1403
f 1672/1401 99/1396 1553/1404
f 1553/1404 99/1396 216/1405
f 1553/1404 216/1405 195/1406
f 1831/1403 1672/1401 1726/1407
f 1726/1407 1672/1401 1553/1404
f 1831/1403 1726/1407 1845/1408
f 1553/1404 195/1406 1570/1409
f 1553/1404 1570/1409 1726/1407
f 1570/1409 195/1406 1658/1410
f 1726/1407 1570/1409 1753/1411
f 1726/1407 1753/1411 1845/1408
f 1753/1411 1570/1409 1843/1412
f 1860/1413 1843/1412 1845/1408
f 1843/1412 1860/1413 1753/1411
f 1753/1411 1860/1413 1845/1408
f 1518/1414 1713/1415 1696/1416
f 1518/1414 1696/1416 1520/1417
f 1520/1417 1696/1416 1768/1418
f 1520/1417 1768/1418 1533/1419
f 1768/1418 1696/1416 1800/1420
f 1800/1420 1696/1416 1713/1415
f 1768/1418 1800/1420 1918/1421
f 1800/1420 1713/1415 1847/1422
f 1918/1421 1800/1420 1917/1423
f 1918/1421 1917/1423 1970/1424
f 1917/1423 1800/1420 1755/1425
f 1755/1425 1800/1420 1847/1422
f 1847/1422 1713/1415 1815/1426
f 1784/1427 1815/1426 1657/1428
f 1815/1426 1784/1427 1738/1429
f 1738/1429 1784/1427 1831/1430
f 1847/1422 1815/1426 1785/1431
f 1785/1431 1815/1426 1738/1429
f 1847/1422 1785/1431 1787/1432
f 1847/1422 1787/1432 1755/1425
f 1787/1432 1785/1431 1604/1433
f 1604/1433 1785/1431 1738/1429
f 1755/1425 1787/1432 1621/1434
f 1621/1434 1787/1432 1604/1433
f 1755/1425 1621/1434 1589/1435
f 1799/1436 1738/1429 1831/1430
f 1799/1436 1831/1430 1845/1437
f 1799/1436 1845/1437 1830/1438
f 1830/1438 1845/1437 1843/1439
f 1799/1436 1830/1438 1659/1440
f 1659/1440 1830/1438 1843/1439
f 1659/1440 1843/1439 1658/1441
f 1658/1441 1843/1439 1570/1442
f 1659/1440 1658/1441 138/1443
f 1799/1436 1659/1440 1634/1444
f 1634/1444 1659/1440 138/1443
f 1799/1436 1634/1444 1738/1429
f 1634/1444 138/1443 162/1445
f 1738/1429 1634/1444 1587/1446
f 1587/1446 1634/1444 162/1445
f 1738/1429 1587/1446 1604/1433
f 1587/1446 162/1445 139/1447
f 1587/1446 139/1447 140/1448
f 1587/1446 140/1448 1604/1433
f 140/1448 139/1447 456/1449
f 140/1448 456/1449 457/1450
f 1604/1433 140/1448 121/1451
f 121/1451 140/1448 457/1450
f 1604/1433 121/1451 1621/1434
f 1621/1434 121/1451 1589/1435
f 121/1451 457/1450 141/1452
f 121/1451 141/1452 1589/1435
f 141/1452 457/1450 437/1453
f 437/1453 457/1450 582/1454
f 1589/1435 141/1452 1588/1455
f 141/1452 437/1453 386/1456
f 437/1453 582/1454 683/1457
f 437/1453 683/1457 386/1456
f 141/1452 386/1456 142/1458
f 141/1452 142/1458 1588/1455
f 1589/1435 1588/1455 1786/1459
f 1589/1435 1786/1459 1755/1425
f 1755/1425 1786/1459 1917/1423
f 1917/1423 1786/1459 1969/1460
f 1917/1423 1969/1460 1970/1424
f 1786/1459 1588/1455 1817/1461
f 1786/1459 1817/1461 1969/1460
f 1555/1462 1588/1455 142/1458
f 1588/1455 1555/1462 1817/1461
f 1555/1462 142/1458 164/1463
f 164/1463 142/1458 386/1456
f 1970/1424 1969/1460 1902/1464
f 1970/1424 1902/1464 1801/1465
f 1801/1465 1902/1464 1757/1466
f 1757/1466 1902/1464 1788/1467
f 164/1463 386/1456 410/1468
f 410/1468 386/1456 683/1457
f 1902/1464 1969/1460 1903/1469
f 1903/1469 1969/1460 1817/1461
f 1788/1467 1902/1464 1941/1470
f 1788/1467 1941/1470 1819/1471
f 1902/1464 1903/1469 1958/1472
f 1902/1464 1958/1472 1941/1470
f 1903/1469 1817/1461 1771/1473
f 1903/1469 1771/1473 1958/1472
f 1771/1473 1817/1461 1555/1462
f 1819/1471 1941/1470 1987/1474
f 1987/1474 1941/1470 1958/1472
f 1819/1471 1987/1474 1904/1475
f 1819/1471 1904/1475 1759/1476
f 1904/1475 1987/1474 1944/1477
f 1987/1474 1958/1472 2010/1478
f 1987/1474 2010/1478 1944/1477
f 1944/1477 2010/1478 1848/1479
f 1848/1479 2010/1478 1958/1472
f 1944/1477 1848/1479 1802/1480
f 1818/1481 1958/1472 1771/1473
f 1958/1472 1818/1481 1848/1479
f 1522/1482 1771/1473 1555/1462
f 1771/1473 1522/1482 1818/1481
f 1522/1482 1555/1462 164/1463
f 1802/1480 1848/1479 23/1483
f 1802/1480 23/1483 1556/1484
f 1848/1479 1818/1481 22/1485
f 1848/1479 22/1485 23/1483
f 1818/1481 1522/1482 21/1486
f 1818/1481 21/1486 22/1485
f 1522/1482 164/1463 309/1487
f 1522/1482 309/1487 21/1486
f 309/1487 164/1463 410/1468
f 217/1488 1556/1484 23/1483
f 217/1488 23/1483 22/1485
f 1556/1484 217/1488 411/1489
f 411/1489 217/1488 552/1490
f 552/1490 217/1488 438/1491
f 438/1491 217/1488 22/1485
f 438/1491 22/1485 21/1486
f 438/1491 21/1486 309/1487
f 438/1491 309/1487 583/1492
f 583/1492 309/1487 410/1468
f 583/1492 410/1468 684/1493
f 684/1493 410/1468 683/1457
f 583/1492 684/1493 791/1494
f 684/1493 683/1457 746/1495
f 684/1493 746/1495 791/1494
f 746/1495 683/1457 582/1454
f 583/1492 791/1494 705/1496
f 746/1495 582/1454 658/1497
f 746/1495 658/1497 791/1494
f 658/1497 582/1454 520/1498
f 705/1496 791/1494 725/1499
f 725/1499 791/1494 658/1497
f 705/1496 725/1499 659/1500
f 659/1500 725/1499 388/1501
f 388/1501 725/1499 658/1497
f 388/1501 658/1497 520/1498
f 388/1501 520/1498 359/1502
f 388/1501 359/1502 163/1503
f 388/1501 163/1503 1533/1504
f 1533/1504 163/1503 1520/1505
f 388/1501 1533/1504 1519/1506
f 1533/1507 1768/1508 1519/1509
f 1519/1509 1768/1508 1801/1510
f 1519/1509 1801/1510 1757/1511
f 1801/1510 1768/1508 1970/1512
f 1970/1512 1768/1508 1918/1513
f 337/1514 388/1515 1519/1516
f 388/1515 337/1514 659/1517
f 337/1514 1519/1516 1521/1518
f 1521/1518 1519/1516 1757/1519
f 659/1517 337/1514 360/1520
f 360/1520 337/1514 1521/1518
f 1521/1518 1757/1519 25/1521
f 1521/1518 25/1521 360/1520
f 25/1521 1757/1519 1788/1522
f 25/1521 1788/1522 44/1523
f 25/1521 44/1523 360/1520
f 360/1520 44/1523 458/1524
f 360/1520 458/1524 659/1517
f 458/1524 44/1523 70/1525
f 659/1517 458/1524 771/1526
f 659/1517 771/1526 705/1527
f 458/1524 70/1525 521/1528
f 458/1524 521/1528 771/1526
f 1759/1529 70/1525 1819/1530
f 1861/1531 1686/1532 1759/1529
f 1759/1529 1686/1532 119/1533
f 1759/1529 119/1533 137/1534
f 1759/1529 137/1534 70/1525
f 70/1525 137/1534 521/1528
f 521/1528 137/1534 439/1535
f 439/1535 137/1534 361/1536
f 521/1528 439/1535 522/1537
f 522/1537 439/1535 553/1538
f 521/1528 522/1537 772/1539
f 521/1528 772/1539 771/1526
f 522/1537 553/1538 584/1540
f 522/1537 584/1540 772/1539
f 584/1540 553/1538 611/1541
f 584/1540 611/1541 585/1542
f 772/1539 584/1540 813/1543
f 771/1526 772/1539 812/1544
f 812/1544 772/1539 813/1543
f 771/1526 812/1544 705/1527
f 813/1543 584/1540 748/1545
f 813/1543 748/1545 812/1544
f 584/1540 585/1542 485/1546
f 584/1540 485/1546 748/1545
f 485/1546 585/1542 411/1547
f 485/1546 411/1547 552/1548
f 485/1546 552/1548 748/1545
f 747/1549 705/1527 812/1544
f 747/1549 812/1544 748/1545
f 747/1549 748/1545 552/1548
f 705/1527 747/1549 583/1550
f 747/1549 552/1548 438/1551
f 747/1549 438/1551 583/1550
f 44/1552 1788/1553 1819/1554
f 44/1552 1819/1554 70/1555
f 1802/1556 1556/1557 1849/1558
f 1802/1556 1849/1558 1961/1559
f 1802/1556 1961/1559 1944/1560
f 1849/1558 1556/1557 1803/1561
f 1849/1558 1803/1561 1961/1559
f 1803/1561 1556/1557 1698/1562
f 1698/1562 1556/1557 1772/1563
f 1772/1563 1556/1557 1835/1564
f 1772/1563 1835/1564 1877/1565
f 1772/1563 1877/1565 1698/1562
f 1877/1565 1835/1564 1922/1566
f 1803/1561 1698/1562 1821/1567
f 1821/1567 1698/1562 1877/1565
f 1930/1568 1961/1559 1803/1561
f 1930/1568 1803/1561 1821/1567
f 1961/1559 1930/1568 1962/1569
f 1961/1559 1962/1569 1944/1560
f 1877/1565 1922/1566 1823/1570
f 1877/1565 1823/1570 1821/1567
f 1930/1568 1821/1567 1906/1571
f 1930/1568 1906/1571 1962/1569
f 1906/1571 1821/1567 1823/1570
f 1823/1570 1922/1566 1907/1572
f 1907/1572 1922/1566 1963/1573
f 1823/1570 1907/1572 1825/1574
f 1825/1574 1907/1572 1963/1573
f 1823/1570 1825/1574 1775/1575
f 1823/1570 1775/1575 1906/1571
f 1775/1575 1825/1574 1554/1576
f 1906/1571 1775/1575 1773/1577
f 1906/1571 1773/1577 1962/1569
f 1773/1577 1775/1575 1554/1576
f 1825/1574 1963/1573 1805/1578
f 1825/1574 1805/1578 1554/1576
f 1805/1578 1963/1573 1862/1579
f 1554/1576 1805/1578 1534/1580
f 1534/1580 1805/1578 1862/1579
f 1773/1577 1554/1576 24/1581
f 1554/1576 1534/1580 378/1582
f 1554/1576 378/1582 24/1581
f 378/1582 1534/1580 389/1583
f 389/1583 1534/1580 311/1584
f 311/1584 1534/1580 1571/1585
f 1571/1585 1534/1580 1862/1579
f 1571/1585 1862/1579 1677/1586
f 24/1581 378/1582 361/1587
f 24/1581 361/1587 119/1588
f 119/1588 361/1587 137/1589
f 24/1581 119/1588 1727/1590
f 24/1581 1727/1590 1773/1577
f 1727/1590 119/1588 1686/1591
f 1773/1577 1727/1590 1962/1569
f 1727/1590 1686/1591 1861/1592
f 1727/1590 1861/1592 1962/1569
f 1962/1569 1861/1592 1944/1560
f 1944/1560 1861/1592 1904/1593
f 1904/1593 1861/1592 1759/1594
f 2031/1595 1974/1596 1862/1579
f 2031/1595 1862/1579 1946/1597
f 1946/1597 1862/1579 1963/1573
f 1946/1597 1963/1573 1973/1598
f 1946/1597 1973/1598 2016/1599
f 1946/1597 2016/1599 2031/1595
f 2031/1595 2016/1599 2120/1600
f 439/1601 361/1602 553/1603
f 553/1603 361/1602 554/1604
f 554/1604 361/1602 378/1605
f 553/1603 554/1604 611/1606
f 554/1604 378/1605 749/1607
f 749/1607 378/1605 389/1608
f 611/1606 554/1604 727/1609
f 727/1609 554/1604 749/1607
f 611/1606 727/1609 726/1610
f 611/1606 726/1610 585/1611
f 585/1611 726/1610 411/1612
f 751/1613 389/1608 311/1614
f 389/1608 751/1613 792/1615
f 389/1608 792/1615 749/1607
f 792/1615 751/1613 870/1616
f 953/1617 727/1609 749/1607
f 953/1617 749/1607 792/1615
f 905/1618 726/1610 727/1609
f 905/1618 727/1609 953/1617
f 792/1615 870/1616 922/1619
f 792/1615 922/1619 953/1617
f 922/1619 870/1616 750/1620
f 750/1620 870/1616 729/1621
f 750/1620 729/1621 363/1622
f 905/1618 953/1617 826/1623
f 953/1617 922/1619 815/1624
f 953/1617 815/1624 826/1623
f 815/1624 922/1619 728/1625
f 728/1625 922/1619 750/1620
f 750/1620 363/1622 416/1626
f 750/1620 416/1626 728/1625
f 416/1626 363/1622 1523/1627
f 728/1625 416/1626 415/1628
f 728/1625 415/1628 815/1624
f 415/1628 416/1626 1523/1627
f 815/1624 415/1628 362/1629
f 815/1624 362/1629 826/1623
f 362/1629 415/1628 20/1630
f 20/1630 415/1628 1523/1627
f 1572/1631 1523/1627 363/1622
f 362/1629 20/1630 42/1632
f 1572/1631 363/1622 243/1633
f 826/1623 362/1629 377/1634
f 377/1634 362/1629 42/1632
f 20/1630 1523/1627 1789/1635
f 20/1630 1789/1635 42/1632
f 1789/1635 1523/1627 1851/1636
f 1851/1636 1523/1627 1572/1631
f 826/1623 377/1634 440/1637
f 377/1634 42/1632 54/1638
f 377/1634 54/1638 440/1637
f 42/1632 1789/1635 1740/1639
f 54/1638 42/1632 1804/1640
f 1804/1640 42/1632 1740/1639
f 1740/1639 1789/1635 1908/1641
f 1908/1641 1789/1635 1851/1636
f 1804/1640 1740/1639 1922/1642
f 1922/1642 1740/1639 1908/1641
f 1922/1642 1908/1641 1963/1643
f 1963/1643 1908/1641 1973/1644
f 1973/1644 1908/1641 1851/1636
f 1804/1640 1922/1642 1835/1645
f 1973/1644 1851/1636 2016/1646
f 2016/1646 1851/1636 1863/1647
f 2016/1646 1863/1647 2061/1648
f 1863/1647 1851/1636 1572/1631
f 2061/1648 1863/1647 1865/1649
f 1865/1649 1863/1647 1572/1631
f 1865/1649 1572/1631 1597/1650
f 1597/1650 1572/1631 243/1633
f 1865/1649 1597/1650 1878/1651
f 1597/1650 243/1633 268/1652
f 1878/1651 1597/1650 1596/1653
f 1596/1653 1597/1650 268/1652
f 268/1652 243/1633 315/1654
f 1878/1651 1596/1653 1594/1655
f 1594/1655 1596/1653 268/1652
f 1878/1651 1594/1655 1760/1656
f 1760/1656 1594/1655 1776/1657
f 1594/1655 268/1652 123/1658
f 1776/1657 1594/1655 1609/1659
f 268/1652 315/1654 314/1660
f 268/1652 314/1660 123/1658
f 314/1660 315/1654 289/1661
f 289/1661 315/1654 317/1662
f 123/1658 314/1660 105/1663
f 105/1663 314/1660 289/1661
f 123/1658 105/1663 1594/1655
f 1594/1655 105/1663 1609/1659
f 105/1663 289/1661 91/1664
f 1610/1665 1776/1657 1609/1659
f 1610/1665 1609/1659 105/1663
f 1610/1665 105/1663 91/1664
f 1776/1657 1610/1665 1777/1666
f 1777/1666 1610/1665 91/1664
f 43/1667 54/1638 1804/1640
f 43/1667 1804/1640 1835/1645
f 54/1638 43/1667 440/1637
f 43/1667 1835/1645 19/1668
f 43/1667 19/1668 440/1637
f 19/1668 1835/1645 1556/1669
f 19/1668 1556/1669 411/1612
f 19/1668 411/1612 459/1670
f 19/1668 459/1670 440/1637
f 459/1670 411/1612 726/1610
f 440/1637 459/1670 814/1671
f 814/1671 459/1670 726/1610
f 440/1637 814/1671 826/1623
f 814/1671 726/1610 905/1618
f 814/1671 905/1618 826/1623
f 751/1672 311/1673 687/1674
f 870/1675 751/1672 871/1676
f 871/1676 751/1672 687/1674
f 871/1676 687/1674 829/1677
f 687/1674 311/1673 197/1678
f 197/1678 311/1673 1571/1679
f 197/1678 1571/1679 1677/1680
f 197/1678 1677/1680 168/1681
f 197/1678 168/1681 687/1674
f 829/1677 687/1674 660/1682
f 660/1682 687/1674 168/1681
f 660/1682 168/1681 688/1683
f 688/1683 168/1681 707/1684
f 660/1682 688/1683 873/1685
f 829/1677 660/1682 830/1686
f 830/1686 660/1682 873/1685
f 829/1677 830/1686 854/1687
f 830/1686 873/1685 907/1688
f 830/1686 907/1688 854/1687
f 907/1688 873/1685 978/1689
f 854/1687 907/1688 896/1690
f 907/1688 978/1689 997/1691
f 907/1688 997/1691 896/1690
f 896/1690 997/1691 1043/1692
f 896/1690 1043/1692 928/1693
f 928/1693 1043/1692 1133/1694
f 928/1693 1133/1694 981/1695
f 981/1695 1133/1694 1107/1696
f 1107/1696 1133/1694 1300/1697
f 1107/1696 1300/1697 1341/1698
f 1107/1696 1341/1698 1199/1699
f 729/1700 870/1701 871/1702
f 729/1700 871/1702 730/1703
f 730/1703 871/1702 829/1704
f 729/1700 730/1703 363/1705
f 363/1705 730/1703 198/1706
f 363/1705 198/1706 243/1707
f 243/1707 198/1706 1865/1708
f 1865/1708 198/1706 1743/1709
f 1743/1709 198/1706 1718/1710
f 1743/1709 1718/1710 2033/1711
f 198/1706 730/1703 220/1712
f 198/1706 220/1712 1718/1710
f 2033/1711 1718/1710 1700/1713
f 1700/1713 1718/1710 220/1712
f 2033/1711 1700/1713 2034/1714
f 711/1715 730/1703 829/1704
f 730/1703 711/1715 220/1712
f 711/1715 829/1704 854/1716
f 2034/1714 1700/1713 1701/1717
f 2034/1714 1701/1717 2049/1718
f 1700/1713 220/1712 222/1719
f 222/1719 220/1712 711/1715
f 711/1715 854/1716 668/1720
f 711/1715 668/1720 222/1719
f 668/1720 854/1716 896/1721
f 668/1720 896/1721 928/1722
f 245/1723 1701/1717 1700/1713
f 245/1723 1700/1713 222/1719
f 222/1719 668/1720 695/1724
f 222/1719 695/1724 245/1723
f 695/1724 668/1720 928/1722
f 695/1724 928/1722 696/1725
f 695/1724 696/1725 245/1723
f 696/1725 928/1722 981/1726
f 246/1727 1701/1717 245/1723
f 246/1727 245/1723 696/1725
f 1701/1717 246/1727 1702/1728
f 1702/1728 246/1727 293/1729
f 293/1729 246/1727 736/1730
f 736/1730 246/1727 696/1725
f 736/1730 696/1725 981/1726
f 736/1730 981/1726 1107/1731
f 978/1732 873/1733 957/1734
f 978/1732 957/1734 997/1735
f 997/1735 957/1734 960/1736
f 997/1735 960/1736 1043/1737
f 957/1734 873/1733 872/1738
f 957/1734 872/1738 956/1739
f 956/1739 872/1738 923/1740
f 872/1738 873/1733 707/1741
f 872/1738 707/1741 923/1740
f 707/1741 873/1733 688/1742
f 923/1740 707/1741 633/1743
f 633/1743 707/1741 168/1744
f 633/1743 168/1744 144/1745
f 633/1743 144/1745 122/1746
f 122/1746 144/1745 1731/1747
f 633/1743 122/1746 523/1748
f 923/1740 633/1743 827/1749
f 827/1749 633/1743 523/1748
f 923/1740 827/1749 828/1750
f 827/1749 523/1748 706/1751
f 706/1751 523/1748 460/1752
f 706/1751 460/1752 685/1753
f 827/1749 706/1751 686/1754
f 827/1749 686/1754 828/1750
f 828/1750 686/1754 312/1755
f 828/1750 312/1755 341/1756
f 686/1754 706/1751 555/1757
f 686/1754 555/1757 312/1755
f 555/1757 706/1751 685/1753
f 312/1755 555/1757 242/1758
f 555/1757 685/1753 414/1759
f 555/1757 414/1759 242/1758
f 414/1759 685/1753 441/1760
f 242/1758 414/1759 166/1761
f 166/1761 414/1759 441/1760
f 957/1762 956/1763 960/1764
f 960/1764 956/1763 856/1765
f 960/1764 856/1765 999/1766
f 960/1764 999/1766 1043/1767
f 856/1765 956/1763 894/1768
f 894/1768 956/1763 923/1769
f 894/1768 923/1769 828/1770
f 1043/1767 999/1766 1133/1771
f 894/1768 828/1770 443/1772
f 443/1772 828/1770 341/1773
f 443/1772 341/1773 1579/1774
f 443/1772 1579/1774 1551/1775
f 894/1768 443/1772 466/1776
f 466/1776 443/1772 1551/1775
f 894/1768 466/1776 856/1765
f 882/1777 999/1766 856/1765
f 882/1777 856/1765 466/1776
f 466/1776 1551/1775 493/1778
f 466/1776 493/1778 882/1777
f 493/1778 1551/1775 1552/1779
f 1552/1779 1551/1775 1912/1780
f 493/1778 1552/1779 445/1781
f 493/1778 445/1781 882/1777
f 882/1777 445/1781 857/1782
f 882/1777 857/1782 999/1766
f 857/1782 445/1781 495/1783
f 857/1782 495/1783 909/1784
f 999/1766 857/1782 1077/1785
f 1077/1785 857/1782 909/1784
f 999/1766 1077/1785 1133/1771
f 1077/1785 909/1784 1255/1786
f 1077/1785 1255/1786 1133/1771
f 1255/1786 909/1784 1050/1787
f 1133/1771 1255/1786 1300/1788
f 1300/1788 1255/1786 1341/1789
f 1341/1789 1255/1786 1302/1790
f 445/1791 1552/1792 1562/1793
f 1562/1793 1552/1792 1924/1794
f 445/1791 1562/1793 495/1795
f 495/1795 1562/1793 1540/1796
f 495/1795 1540/1796 534/1797
f 1540/1796 1562/1793 1925/1798
f 1540/1796 1925/1798 1964/1799
f 1540/1796 1964/1799 1541/1800
f 1541/1800 1964/1799 1976/1801
f 1924/1802 1552/1803 1912/1804
f 1551/1805 1923/1806 1912/1804
f 1562/1807 1924/1802 1925/1808
f 1912/1804 1923/1806 2103/1809
f 2103/1809 1923/1806 2003/1810
f 1924/1802 1912/1804 2121/1811
f 2121/1811 1912/1804 2103/1809
f 1925/1808 1924/1802 2131/1812
f 2131/1812 1924/1802 2121/1811
f 1925/1808 2131/1812 2142/1813
f 1925/1808 2142/1813 1964/1814
f 2103/1809 2003/1810 2109/1815
f 2109/1815 2003/1810 2084/1816
f 2109/1815 2084/1816 2047/1817
f 2047/1817 2084/1816 1975/1818
f 2109/1815 2047/1817 2149/1819
f 2149/1819 2047/1817 2181/1820
f 2103/1809 2109/1815 2225/1821
f 2225/1821 2109/1815 2149/1819
f 2103/1809 2225/1821 2121/1811
f 2225/1821 2149/1819 2269/1822
f 2121/1811 2225/1821 2255/1823
f 2255/1823 2225/1821 2269/1822
f 2121/1811 2255/1823 2131/1812
f 2255/1823 2269/1822 2284/1824
f 2255/1823 2284/1824 2300/1825
f 2131/1812 2255/1823 2277/1826
f 2277/1826 2255/1823 2300/1825
f 2131/1812 2277/1826 2142/1813
f 2277/1826 2300/1825 2285/1827
f 2277/1826 2285/1827 2142/1813
f 2285/1827 2300/1825 2309/1828
f 2285/1827 2309/1828 2355/1829
f 2285/1827 2355/1829 2326/1830
f 2326/1830 2355/1829 2356/1831
f 2142/1813 2285/1827 2211/1832
f 2211/1832 2285/1827 2326/1830
f 2142/1813 2211/1832 1964/1814
f 2211/1832 2326/1830 2227/1833
f 1964/1814 2211/1832 1976/1834
f 1976/1834 2211/1832 2227/1833
f 1923/1835 1551/1836 1579/1837
f 1923/1835 1579/1837 1662/1838
f 1662/1838 1579/1837 341/1839
f 1923/1835 1662/1838 2003/1840
f 1662/1841 341/1842 1836/1843
f 1662/1841 1836/1843 2003/1844
f 2003/1844 1836/1843 1882/1845
f 1836/1843 341/1842 316/1846
f 316/1846 341/1842 312/1847
f 1836/1843 316/1846 1716/1848
f 316/1846 312/1847 1595/1849
f 1882/1850 1836/1851 1595/1849
f 1595/1849 1836/1851 1560/1852
f 1595/1849 1560/1852 316/1846
f 1560/1852 1836/1851 1864/1853
f 1560/1852 1864/1853 1576/1854
f 1560/1852 1576/1854 288/1855
f 1560/1852 288/1855 316/1846
f 1576/1854 1864/1853 1608/1856
f 1576/1854 1608/1856 288/1855
f 1608/1856 1864/1853 1761/1857
f 1761/1857 1864/1853 1910/1858
f 1761/1857 1910/1858 1742/1859
f 1761/1857 1742/1859 1608/1856
f 288/1855 1608/1856 104/1860
f 1608/1856 1742/1859 1577/1861
f 104/1860 1608/1856 145/1862
f 145/1862 1608/1856 1577/1861
f 1577/1861 1742/1859 1561/1863
f 1577/1861 1561/1863 145/1862
f 1561/1863 1742/1859 1716/1848
f 1561/1863 1716/1848 167/1864
f 1561/1863 167/1864 145/1862
f 167/1864 1716/1848 316/1846
f 313/1865 288/1855 104/1860
f 313/1865 104/1860 145/1862
f 339/1866 316/1846 288/1855
f 339/1866 288/1855 313/1865
f 167/1864 316/1846 379/1867
f 316/1846 339/1866 364/1868
f 316/1846 364/1868 379/1867
f 339/1866 313/1865 340/1869
f 340/1869 313/1865 145/1862
f 339/1866 340/1869 364/1868
f 340/1869 145/1862 167/1864
f 364/1868 340/1869 379/1867
f 379/1867 340/1869 167/1864
f 2269/1870 2149/1871 2181/1872
f 2269/1870 2181/1872 2210/1873
f 2210/1873 2181/1872 2085/1874
f 2085/1874 2181/1872 2048/1875
f 2048/1875 2181/1872 2047/1876
f 2048/1875 2047/1876 1932/1877
f 2048/1875 1932/1877 2085/1874
f 1932/1877 2047/1876 1975/1878
f 2269/1870 2210/1873 2283/1879
f 2210/1873 2085/1874 2180/1880
f 2210/1873 2180/1880 2283/1879
f 2269/1870 2283/1879 2291/1881
f 2269/1870 2291/1881 2284/1882
f 2284/1882 2291/1881 2308/1883
f 2284/1882 2308/1883 2300/1884
f 2300/1884 2308/1883 2319/1885
f 2300/1884 2319/1885 2309/1886
f 2309/1886 2319/1885 2355/1887
f 2355/1887 2319/1885 2361/1888
f 2361/1888 2319/1885 2292/1889
f 2292/1889 2319/1885 2245/1890
f 2245/1890 2319/1885 2308/1883
f 2245/1890 2308/1883 2244/1891
f 2244/1891 2308/1883 2291/1881
f 2245/1890 2244/1891 2062/1892
f 2062/1892 2244/1891 2049/1893
f 2244/1891 2291/1881 2226/1894
f 2244/1891 2226/1894 2049/1893
f 2226/1894 2291/1881 2283/1879
f 2049/1893 2226/1894 2034/1895
f 2226/1894 2283/1879 2216/1896
f 2226/1894 2216/1896 2034/1895
f 2216/1896 2283/1879 2180/1880
f 2034/1895 2216/1896 2033/1897
f 2033/1897 2216/1896 2061/1898
f 2061/1898 2216/1896 2180/1880
f 2033/1897 2061/1898 1743/1899
f 1743/1899 2061/1898 1865/1900
f 2061/1898 2180/1880 2120/1901
f 2061/1898 2120/1901 2016/1902
f 2120/1901 2180/1880 2085/1874
f 2120/1901 2085/1874 2002/1903
f 2002/1903 2085/1874 1932/1877
f 2120/1901 2002/1903 1974/1904
f 2120/1901 1974/1904 2031/1905
f 1974/1904 2002/1903 1677/1906
f 1974/1904 1677/1906 1862/1907
f 2002/1903 1932/1877 1717/1908
f 2002/1903 1717/1908 1677/1906
f 1717/1908 1932/1877 1975/1878
f 1677/1906 1717/1908 168/1909
f 1717/1908 1975/1878 1715/1910
f 1717/1908 1715/1910 168/1909
f 1715/1910 1975/1878 2001/1911
f 168/1909 1715/1910 144/1912
f 144/1912 1715/1910 1731/1913
f 2001/1914 1975/1915 2084/1916
f 2001/1914 2084/1916 2060/1917
f 2060/1917 2084/1916 2032/1918
f 2032/1918 2084/1916 2003/1919
f 2001/1914 2060/1917 1988/1920
f 2001/1914 1988/1920 1715/1921
f 1715/1921 1988/1920 1731/1922
f 1988/1920 2060/1917 2059/1923
f 2059/1923 2060/1917 2032/1918
f 1988/1920 2059/1923 2102/1924
f 2032/1918 2003/1919 1882/1925
f 2102/1924 2059/1923 2073/1926
f 2073/1926 2059/1923 2032/1918
f 2102/1924 2073/1926 2058/1927
f 2032/1918 1882/1925 1947/1928
f 2032/1918 1947/1928 2073/1926
f 2073/1926 1947/1928 2058/1927
f 1947/1928 1882/1925 1595/1929
f 1947/1928 1595/1929 1651/1930
f 1651/1930 1595/1929 312/1931
f 1651/1930 312/1931 242/1932
f 1651/1930 242/1932 166/1933
f 1947/1928 1651/1930 1945/1934
f 1947/1928 1945/1934 2058/1927
f 2058/1927 1945/1934 1931/1935
f 2058/1927 1931/1935 2101/1936
f 1945/1934 1651/1930 1676/1937
f 1676/1937 1651/1930 166/1933
f 1931/1935 1945/1934 1699/1938
f 1699/1938 1945/1934 1676/1937
f 1931/1935 1699/1938 2011/1939
f 2011/1939 1699/1938 1739/1940
f 1699/1938 1676/1937 76/1941
f 76/1941 1676/1937 166/1933
f 1699/1938 76/1941 45/1942
f 76/1941 166/1933 441/1943
f 76/1941 441/1943 413/1944
f 122/1945 1731/1946 1741/1947
f 1741/1947 1731/1946 1988/1948
f 122/1945 1741/1947 103/1949
f 103/1949 1741/1947 29/1950
f 122/1945 103/1949 523/1951
f 523/1951 103/1949 460/1952
f 2058/1953 2101/1954 2102/1955
f 2102/1955 2101/1954 2093/1956
f 2102/1955 2093/1956 2015/1957
f 2093/1956 2101/1954 2030/1958
f 2093/1956 2030/1958 2015/1957
f 2102/1955 2015/1957 1972/1959
f 2102/1955 1972/1959 1988/1960
f 1988/1960 1972/1959 1741/1961
f 1741/1961 1972/1959 1824/1962
f 1824/1962 1972/1959 2015/1957
f 1741/1961 1824/1962 29/1963
f 1824/1962 2015/1957 2000/1964
f 2000/1964 2015/1957 2030/1958
f 29/1963 1824/1962 1850/1965
f 29/1963 1850/1965 1607/1966
f 1824/1962 2000/1964 2046/1967
f 1824/1962 2046/1967 1850/1965
f 2000/1964 2030/1958 2130/1968
f 2000/1964 2130/1968 2046/1967
f 2130/1968 2030/1958 2083/1969
f 2046/1967 2130/1968 2236/1970
f 1850/1965 2046/1967 2056/1971
f 2056/1971 2046/1967 2236/1970
f 1850/1965 2056/1971 1820/1972
f 1850/1965 1820/1972 1607/1966
f 1820/1972 2056/1971 2045/1973
f 1607/1966 1820/1972 1834/1974
f 1607/1966 1834/1974 1593/1975
f 1593/1975 1834/1974 1606/1976
f 1834/1974 1820/1972 2108/1977
f 2108/1977 1820/1972 2045/1973
f 1606/1976 1834/1974 1920/1978
f 1920/1978 1834/1974 2108/1977
f 1606/1976 1920/1978 1650/1979
f 2163/1980 2045/1973 2056/1971
f 2045/1973 2163/1980 2108/1977
f 2163/1980 2056/1971 2236/1970
f 1650/1979 1920/1978 1942/1981
f 1650/1979 1942/1981 1714/1982
f 1920/1978 2108/1977 2178/1983
f 1920/1978 2178/1983 1942/1981
f 2108/1977 2163/1980 2224/1984
f 2108/1977 2224/1984 2178/1983
f 2224/1984 2163/1980 2243/1985
f 2243/1985 2163/1980 2236/1970
f 2178/1983 2224/1984 2299/1986
f 2299/1986 2224/1984 2243/1985
f 1942/1981 2178/1983 2141/1987
f 2178/1983 2299/1986 2267/1988
f 2178/1983 2267/1988 2141/1987
f 1942/1981 2141/1987 1959/1989
f 1942/1981 1959/1989 1714/1982
f 2141/1987 2267/1988 2118/1990
f 2141/1987 2118/1990 1959/1989
f 1714/1982 1959/1989 1971/1991
f 1971/1991 1959/1989 2118/1990
f 1714/1982 1971/1991 1758/1992
f 1758/1992 1971/1991 1986/1993
f 1986/1993 1971/1991 2118/1990
f 2118/1990 2267/1988 2242/1994
f 1986/1993 2118/1990 2162/1995
f 2268/1996 2267/1988 2299/1986
f 2267/1988 2268/1996 2242/1994
f 2118/1990 2242/1994 2290/1997
f 2118/1990 2290/1997 2162/1995
f 1986/1993 2162/1995 2147/1998
f 1986/1993 2147/1998 1997/1999
f 1997/1999 2147/1998 2028/2000
f 2147/1998 2162/1995 2266/2001
f 2266/2001 2162/1995 2290/1997
f 2028/2000 2147/1998 2176/2002
f 2176/2002 2147/1998 2266/2001
f 2028/2000 2176/2002 2043/2003
f 2043/2003 2176/2002 2209/2004
f 2266/2001 2290/1997 2282/2005
f 2282/2005 2290/1997 2242/1994
f 2176/2002 2266/2001 2253/2006
f 2176/2002 2253/2006 2209/2004
f 2253/2006 2266/2001 2254/2007
f 2254/2007 2266/2001 2282/2005
f 2282/2005 2242/1994 2235/2008
f 2235/2008 2242/1994 2268/1996
f 2282/2005 2235/2008 2140/2009
f 2140/2009 2235/2008 2268/1996
f 2282/2005 2140/2009 2148/2010
f 2282/2005 2148/2010 2254/2007
f 2148/2010 2140/2009 1960/2011
f 2196/2012 2253/2006 2254/2007
f 2281/2013 2209/2004 2253/2006
f 2281/2013 2253/2006 2196/2012
f 2209/2004 2281/2013 2289/2014
f 2289/2014 2281/2013 2234/2015
f 2234/2015 2281/2013 2223/2016
f 2223/2016 2281/2013 2196/2012
f 2223/2016 2196/2012 2072/2017
f 2072/2017 2196/2012 2044/2018
f 2139/2019 2196/2012 2254/2007
f 2196/2012 2139/2019 2044/2018
f 2139/2019 2254/2007 2148/2010
f 2044/2018 2139/2019 1998/2020
f 2139/2019 2148/2010 1999/2021
f 2139/2019 1999/2021 1998/2020
f 1999/2021 2148/2010 1960/2011
f 1998/2020 1999/2021 1833/2022
f 1833/2022 1999/2021 1960/2011
f 1833/2022 1960/2011 1729/2023
f 1729/2023 1960/2011 1943/2024
f 1943/2024 1960/2011 2177/2025
f 2177/2025 1960/2011 2140/2009
f 2177/2025 2140/2009 2268/1996
f 1729/2023 1943/2024 1623/2026
f 1729/2023 1623/2026 1575/2027
f 1943/2024 2177/2025 1921/2028
f 1943/2024 1921/2028 1623/2026
f 2177/2025 2268/1996 2179/2029
f 2177/2025 2179/2029 1921/2028
f 2179/2029 2268/1996 2307/2030
f 2307/2030 2268/1996 2299/1986
f 2307/2030 2299/1986 2243/1985
f 2307/2030 2243/1985 2179/2029
f 1623/2026 1921/2028 1730/2031
f 1921/2028 2179/2029 1905/2032
f 1921/2028 1905/2032 1730/2031
f 2179/2029 2243/1985 2119/2033
f 2179/2029 2119/2033 1905/2032
f 2119/2033 2243/1985 2237/2034
f 2237/2034 2243/1985 2236/1970
f 1905/2032 2119/2033 1892/2035
f 1905/2032 1892/2035 1730/2031
f 2119/2033 2237/2034 2129/2036
f 2119/2033 2129/2036 1892/2035
f 2237/2034 2236/1970 2197/2037
f 2197/2037 2236/1970 2130/1968
f 2129/2036 2237/2034 2091/2038
f 2091/2038 2237/2034 2197/2037
f 2129/2036 2091/2038 1892/2035
f 2197/2037 2130/1968 2083/1969
f 2197/2037 2083/1969 2091/2038
f 2091/2038 2083/1969 2014/2039
f 2091/2038 2014/2039 1892/2035
f 2014/2039 2083/1969 2092/2040
f 2092/2040 2083/1969 2030/1958
f 2092/2040 2030/1958 2101/1954
f 2014/2039 2092/2040 2029/2041
f 2014/2039 2029/2041 1892/2035
f 2029/2041 2092/2040 2057/2042
f 2057/2042 2092/2040 2101/1954
f 2029/2041 2057/2042 1892/2035
f 2057/2042 2101/1954 2011/2043
f 2011/2043 2101/1954 1931/2044
f 2057/2042 2011/2043 1774/2045
f 1774/2045 2011/2043 1739/2046
f 1892/2035 2057/2042 1822/2047
f 1822/2047 2057/2042 1774/2045
f 1774/2045 1739/2046 58/2048
f 1774/2045 58/2048 1822/2047
f 45/2049 1739/2046 1699/2050
f 1739/2046 45/2049 58/2048
f 1892/2035 1822/2047 1559/2051
f 1892/2035 1559/2051 1730/2031
f 1822/2047 58/2048 28/2052
f 1822/2047 28/2052 1559/2051
f 58/2048 45/2049 413/2053
f 413/2053 45/2049 76/2054
f 28/2052 58/2048 338/2055
f 338/2055 58/2048 413/2053
f 28/2052 338/2055 183/2056
f 28/2052 183/2056 1559/2051
f 338/2055 413/2053 412/2057
f 338/2055 412/2057 183/2056
f 412/2057 413/2053 612/2058
f 612/2058 413/2053 441/2059
f 612/2058 441/2059 685/2060
f 612/2058 685/2060 460/2061
f 412/2057 612/2058 182/2062
f 412/2057 182/2062 183/2056
f 612/2058 460/2061 310/2063
f 612/2058 310/2063 182/2062
f 310/2063 460/2061 103/2064
f 310/2063 103/2064 29/2065
f 310/2063 29/2065 57/2066
f 310/2063 57/2066 182/2062
f 57/2066 29/2065 1607/2067
f 75/2068 183/2056 182/2062
f 75/2068 182/2062 57/2066
f 57/2066 1607/2067 4/2069
f 57/2066 4/2069 75/2068
f 4/2069 1607/2067 1593/2070
f 183/2056 75/2068 56/2071
f 183/2056 56/2071 1559/2051
f 75/2068 4/2069 3/2072
f 75/2068 3/2072 56/2071
f 4/2069 1593/2070 1558/2073
f 4/2069 1558/2073 3/2072
f 1558/2073 1593/2070 1606/2074
f 1558/2073 1606/2074 90/2075
f 1558/2073 90/2075 3/2072
f 3/2072 90/2075 165/2076
f 3/2072 165/2076 102/2077
f 1550/2078 56/2071 3/2072
f 1550/2078 3/2072 102/2077
f 56/2071 1550/2078 1559/2051
f 1550/2078 102/2077 1529/2079
f 1550/2078 1529/2079 1559/2051
f 1529/2079 102/2077 74/2080
f 1559/2051 1529/2079 1730/2031
f 1529/2079 74/2080 1623/2026
f 1529/2079 1623/2026 1730/2031
f 1910/2081 1864/2082 1884/2083
f 1884/2083 1864/2082 1836/2084
f 1910/2081 1884/2083 1885/2085
f 1910/2081 1885/2085 1742/2086
f 1742/2086 1885/2085 1716/2087
f 1885/2085 1884/2083 1866/2088
f 1866/2088 1884/2083 1836/2084
f 1716/2087 1885/2085 1852/2089
f 1852/2089 1885/2085 1866/2088
f 1716/2087 1852/2089 1836/2084
f 1836/2084 1852/2089 1866/2088
f 773/2090 752/2091 586/2092
f 586/2092 752/2091 461/2093
f 773/2090 586/2092 662/2094
f 773/2090 662/2094 708/2095
f 662/2094 586/2092 524/2096
f 708/2095 662/2094 613/2097
f 613/2097 662/2094 524/2096
f 708/2095 613/2097 488/2098
f 524/2096 586/2092 442/2099
f 442/2099 586/2092 461/2093
f 524/2096 442/2099 613/2097
f 613/2097 442/2099 488/2098
f 442/2099 461/2093 462/2100
f 442/2099 462/2100 488/2098
f 422/2101 590/2102 561/2103
f 422/2101 561/2103 394/2104
f 561/2103 590/2102 712/2105
f 712/2105 590/2102 713/2106
f 712/2105 713/2106 761/2107
f 712/2105 761/2107 692/2108
f 712/2105 692/2108 615/2109
f 615/2109 692/2108 560/2110
f 615/2109 560/2110 489/2111
f 712/2105 615/2109 617/2112
f 712/2105 617/2112 561/2103
f 615/2109 489/2111 465/2113
f 615/2109 465/2113 617/2112
f 465/2113 489/2111 420/2114
f 561/2103 617/2112 490/2115
f 490/2115 617/2112 465/2113
f 561/2103 490/2115 421/2116
f 421/2116 490/2115 465/2113
f 421/2116 465/2113 420/2114
f 561/2103 421/2116 394/2104
f 421/2116 420/2114 393/2117
f 421/2116 393/2117 394/2104
f 289/2118 317/2119 290/2120
f 289/2118 290/2120 91/2121
f 290/2120 317/2119 243/2122
f 290/2120 243/2122 91/2121
f 243/2122 317/2119 315/2123
f 91/2121 243/2122 1865/2124
f 1878/2125 1760/2126 1893/2127
f 1893/2127 1760/2126 1776/2128
f 1878/2125 1893/2127 1894/2129
f 1893/2127 1776/2128 1909/2130
f 1893/2127 1909/2130 1894/2129
f 1909/2130 1776/2128 1777/2131
f 1878/2125 1894/2129 1865/2132
f 91/2133 1865/2132 1777/2131
f 1894/2129 1909/2130 1883/2134
f 1894/2129 1883/2134 1865/2132
f 1883/2134 1909/2130 1911/2135
f 1911/2135 1909/2130 1777/2131
f 1883/2134 1911/2135 1865/2132
f 1865/2132 1911/2135 1777/2131
f 1701/2136 1702/2137 2049/2138
f 2049/2138 1702/2137 2062/2139
f 840/2140 945/2141 799/2142
f 1663/2143 248/2144 1653/2145
f 1663/2143 1653/2145 2018/2146
f 248/2144 1663/2143 203/2147
f 1663/2143 2018/2146 2012/2148
f 2012/2148 2018/2146 2164/2149
f 2012/2148 2164/2149 2228/2150
f 1663/2143 2012/2148 1664/2151
f 1663/2143 1664/2151 203/2147
f 2012/2148 2228/2150 1978/2152
f 2012/2148 1978/2152 1664/2151
f 1978/2152 2228/2150 2116/2153
f 203/2147 1664/2151 188/2154
f 203/2147 188/2154 672/2155
f 1664/2151 1978/2152 1654/2156
f 1664/2151 1654/2156 188/2154
f 1978/2152 2116/2153 1936/2157
f 1978/2152 1936/2157 1654/2156
f 1936/2157 2116/2153 2013/2158
f 2013/2158 2116/2153 2006/2159
f 1936/2157 2013/2158 1887/2160
f 1936/2157 1887/2160 1654/2156
f 1654/2156 1887/2160 1680/2161
f 1654/2156 1680/2161 115/2162
f 175/2163 188/2154 1654/2156
f 175/2163 1654/2156 115/2162
f 565/2164 672/2155 188/2154
f 175/2163 115/2162 249/2165
f 188/2154 175/2163 371/2166
f 188/2154 371/2166 565/2164
f 371/2166 175/2163 249/2165
f 249/2165 115/2162 327/2167
f 249/2165 327/2167 371/2166
f 565/2164 371/2166 471/2168
f 471/2168 371/2166 327/2167
f 565/2164 471/2168 674/2169
f 565/2164 674/2169 799/2170
f 799/2170 674/2169 720/2171
f 720/2171 674/2169 645/2172
f 645/2172 674/2169 569/2173
f 569/2173 674/2169 471/2168
f 645/2172 569/2173 500/2174
f 500/2174 569/2173 471/2168
f 500/2174 471/2168 327/2167
f 500/2174 327/2167 537/2175
f 537/2175 327/2167 430/2176
f 430/2176 327/2167 115/2162
f 537/2175 430/2176 673/2177
f 430/2176 115/2162 132/2178
f 673/2177 430/2176 498/2179
f 498/2179 430/2176 132/2178
f 498/2179 132/2178 174/2180
f 132/2181 115/2182 1680/2183
f 132/2181 1680/2183 1707/2184
f 132/2181 1707/2184 174/2185
f 1707/2184 1680/2183 1926/2186
f 1926/2186 1680/2183 1887/2187
f 174/2185 1707/2184 1679/2188
f 174/2185 1679/2188 131/2189
f 131/2189 1679/2188 1628/2190
f 1679/2188 1707/2184 1914/2191
f 1914/2191 1707/2184 1926/2186
f 1628/2190 1679/2188 1838/2192
f 1838/2192 1679/2188 1914/2191
f 1628/2190 1838/2192 1837/2193
f 1628/2190 1837/2193 48/2194
f 1838/2192 1914/2191 1935/2195
f 1914/2191 1926/2186 2025/2196
f 1914/2191 2025/2196 1935/2195
f 2037/2197 1926/2186 1887/2187
f 1926/2186 2037/2197 2025/2196
f 2037/2197 1887/2187 2013/2198
f 1951/2199 1837/2193 1838/2192
f 1951/2199 1838/2192 1935/2195
f 1837/2193 1951/2199 1807/2200
f 1837/2193 1807/2200 1705/2201
f 1705/2201 1807/2200 1733/2202
f 1733/2202 1807/2200 1706/2203
f 1706/2203 1807/2200 1791/2204
f 1791/2204 1807/2200 1951/2199
f 1706/2203 1791/2204 1530/2205
f 1951/2199 1935/2195 1934/2206
f 1951/2199 1934/2206 1791/2204
f 1530/2205 1791/2204 1627/2207
f 1627/2207 1791/2204 1934/2206
f 1530/2205 1627/2207 294/2208
f 1934/2206 1935/2195 1953/2209
f 1953/2209 1935/2195 2025/2196
f 1934/2206 1953/2209 1780/2210
f 1953/2209 2025/2196 2019/2211
f 1953/2209 2019/2211 1780/2210
f 2019/2211 2025/2196 2037/2197
f 294/2208 1627/2207 112/2212
f 1745/2213 1627/2207 1934/2206
f 1745/2213 1934/2206 1780/2210
f 1627/2207 1745/2213 112/2212
f 294/2208 112/2212 497/2214
f 2019/2211 2037/2197 2020/2215
f 2020/2215 2037/2197 2013/2198
f 2020/2215 2013/2198 2006/2216
f 2019/2211 2020/2215 1869/2217
f 2019/2211 1869/2217 1780/2210
f 2020/2215 2006/2216 1870/2218
f 2020/2215 1870/2218 1869/2217
f 1870/2218 2006/2216 1896/2219
f 1870/2218 1896/2219 1638/2220
f 1638/2220 1896/2219 2007/2221
f 1870/2218 1638/2220 1630/2222
f 1870/2218 1630/2222 1869/2217
f 1630/2222 1638/2220 229/2223
f 1583/2224 1780/2210 1869/2217
f 1583/2224 1869/2217 1630/2222
f 1780/2210 1583/2224 6/2225
f 1780/2210 6/2225 1745/2213
f 1745/2213 6/2225 112/2212
f 1630/2222 229/2223 192/2226
f 1630/2222 192/2226 1583/2224
f 192/2226 229/2223 401/2227
f 401/2227 229/2223 542/2228
f 401/2227 542/2228 500/2229
f 500/2229 542/2228 543/2230
f 401/2227 500/2229 537/2231
f 401/2227 537/2231 536/2232
f 401/2227 536/2232 192/2226
f 536/2232 537/2231 673/2233
f 252/2234 1583/2224 192/2226
f 252/2234 192/2226 536/2232
f 1583/2224 252/2234 6/2225
f 536/2232 673/2233 499/2235
f 499/2235 673/2233 496/2236
f 252/2234 536/2232 324/2237
f 324/2237 536/2232 499/2235
f 252/2234 324/2237 6/2225
f 324/2237 499/2235 497/2214
f 6/2225 324/2237 112/2212
f 112/2212 324/2237 497/2214
f 1628/2238 48/2239 131/2240
f 131/2240 48/2239 427/2241
f 1705/2242 48/2239 1837/2243
f 48/2239 1705/2242 224/2244
f 48/2239 224/2244 427/2241
f 5/2245 1705/2242 1733/2246
f 1705/2242 5/2245 61/2247
f 1705/2242 61/2247 224/2244
f 61/2247 5/2245 272/2248
f 61/2247 272/2248 396/2249
f 61/2247 396/2249 224/2244
f 396/2249 272/2248 764/2250
f 396/2249 764/2250 798/2251
f 798/2251 764/2250 982/2252
f 224/2244 396/2249 641/2253
f 641/2253 396/2249 798/2251
f 224/2244 641/2253 427/2241
f 798/2251 982/2252 1002/2254
f 798/2251 1002/2254 641/2253
f 1002/2254 982/2252 1257/2255
f 1002/2254 1257/2255 1323/2256
f 641/2253 1002/2254 942/2257
f 641/2253 942/2257 427/2241
f 1002/2254 1323/2256 1137/2258
f 1002/2254 1137/2258 942/2257
f 1137/2258 1323/2256 1227/2259
f 1137/2258 1227/2259 983/2260
f 983/2260 1227/2259 962/2261
f 983/2260 962/2261 783/2262
f 1137/2258 983/2260 1003/2263
f 1137/2258 1003/2263 942/2257
f 983/2260 783/2262 859/2264
f 983/2260 859/2264 1003/2263
f 859/2264 783/2262 535/2265
f 535/2265 783/2262 424/2266
f 1003/2263 859/2264 838/2267
f 942/2257 1003/2263 785/2268
f 785/2268 1003/2263 838/2267
f 942/2257 785/2268 427/2241
f 427/2241 785/2268 370/2269
f 427/2241 370/2269 131/2240
f 131/2240 370/2269 174/2270
f 174/2270 370/2269 498/2271
f 370/2269 785/2268 496/2272
f 370/2269 496/2272 498/2271
f 496/2272 785/2268 838/2267
f 498/2271 496/2272 673/2273
f 496/2272 838/2267 499/2274
f 499/2274 838/2267 497/2275
f 497/2275 838/2267 719/2276
f 719/2276 838/2267 859/2264
f 497/2275 719/2276 294/2277
f 719/2276 859/2264 535/2265
f 719/2276 535/2265 294/2277
f 294/2277 535/2265 1530/2278
f 1530/2278 535/2265 149/2279
f 149/2279 535/2265 424/2266
f 1530/2278 149/2279 1706/2280
f 149/2279 424/2266 1542/2281
f 149/2279 1542/2281 1706/2280
f 1706/2280 1542/2281 1733/2282
f 1542/2281 424/2266 247/2283
f 1733/2282 1542/2281 5/2284
f 5/2284 1542/2281 247/2283
f 5/2284 247/2283 272/2285
f 562/2286 247/2287 424/2288
f 247/2287 562/2286 272/2289
f 562/2286 424/2288 734/2290
f 272/2289 562/2286 594/2291
f 272/2289 594/2291 764/2292
f 594/2291 562/2286 669/2293
f 594/2291 669/2293 764/2292
f 562/2286 734/2290 618/2294
f 562/2286 618/2294 669/2293
f 618/2294 734/2290 781/2295
f 618/2294 781/2295 694/2296
f 694/2296 781/2295 833/2297
f 694/2296 833/2297 758/2298
f 618/2294 694/2296 762/2299
f 618/2294 762/2299 669/2293
f 669/2293 762/2299 927/2300
f 669/2293 927/2300 834/2301
f 669/2293 834/2301 764/2292
f 834/2301 927/2300 908/2302
f 764/2292 834/2301 982/2303
f 834/2301 908/2302 961/2304
f 982/2303 834/2301 1045/2305
f 1045/2305 834/2301 961/2304
f 1045/2305 961/2304 1196/2306
f 424/2307 783/2308 734/2309
f 734/2309 783/2308 962/2310
f 734/2309 962/2310 781/2311
f 781/2311 962/2310 1000/2312
f 781/2311 1000/2312 833/2313
f 1000/2312 962/2310 1227/2314
f 833/2313 1000/2312 1076/2315
f 1076/2315 1000/2312 1254/2316
f 1254/2316 1000/2312 1227/2314
f 1076/2315 1254/2316 1359/2317
f 1359/2317 1254/2316 1438/2318
f 1254/2316 1227/2314 1361/2319
f 1254/2316 1361/2319 1438/2318
f 1361/2319 1227/2314 1323/2320
f 1438/2318 1361/2319 1416/2321
f 1361/2319 1323/2320 1257/2322
f 1416/2321 1361/2319 1320/2323
f 1320/2323 1361/2319 1257/2322
f 1416/2321 1320/2323 1375/2324
f 1375/2324 1320/2323 1196/2325
f 1196/2325 1320/2323 1045/2326
f 1045/2326 1320/2323 1257/2322
f 1045/2326 1257/2322 982/2327
f 762/2328 694/2329 779/2330
f 762/2328 779/2330 881/2331
f 881/2331 779/2330 855/2332
f 779/2330 694/2329 758/2333
f 855/2332 779/2330 778/2334
f 778/2334 779/2330 758/2333
f 855/2332 778/2334 817/2335
f 855/2332 817/2335 938/2336
f 778/2334 758/2333 732/2337
f 833/2338 832/2339 758/2333
f 758/2333 832/2339 732/2337
f 732/2337 832/2339 776/2340
f 778/2334 732/2337 757/2341
f 778/2334 757/2341 817/2335
f 757/2341 732/2337 667/2342
f 667/2342 732/2337 690/2343
f 757/2341 667/2342 710/2344
f 757/2341 710/2344 817/2335
f 817/2335 710/2344 795/2345
f 817/2335 795/2345 816/2346
f 795/2345 710/2344 638/2347
f 816/2346 795/2345 733/2348
f 733/2348 795/2345 638/2347
f 638/2347 710/2344 588/2349
f 816/2346 733/2348 691/2350
f 733/2348 638/2347 637/2351
f 733/2348 637/2351 691/2350
f 638/2347 588/2349 559/2352
f 638/2347 559/2352 637/2351
f 637/2351 559/2352 691/2350
f 559/2352 588/2349 616/2353
f 559/2352 616/2353 691/2350
f 908/2354 927/2355 1166/2356
f 998/2357 961/2358 908/2354
f 908/2354 1166/2356 996/2359
f 908/2354 996/2359 998/2357
f 996/2359 1166/2356 1167/2360
f 1167/2360 1166/2356 1319/2361
f 1167/2360 1319/2361 1131/2362
f 1167/2360 1131/2362 996/2359
f 1131/2362 1319/2361 1280/2363
f 1131/2362 1280/2363 1129/2364
f 1131/2362 1129/2364 1041/2365
f 959/2366 998/2357 996/2359
f 998/2357 959/2366 1042/2367
f 1042/2367 959/2366 958/2368
f 959/2366 996/2359 995/2369
f 995/2369 996/2359 1131/2362
f 959/2366 995/2369 958/2368
f 995/2369 1131/2362 1041/2365
f 958/2368 995/2369 979/2370
f 979/2370 995/2369 1041/2365
f 979/2370 1041/2365 993/2371
f 1375/2372 1196/2373 1298/2374
f 1298/2374 1196/2373 1132/2375
f 1132/2375 1196/2373 961/2376
f 1132/2375 961/2376 998/2377
f 1132/2375 998/2377 1042/2378
f 1132/2375 1042/2378 1225/2379
f 1132/2375 1225/2379 1298/2374
f 1298/2374 1225/2379 1360/2380
f 1298/2374 1360/2380 1375/2372
f 1360/2380 1225/2379 1280/2381
f 1360/2380 1280/2381 1319/2382
f 1360/2380 1319/2382 1400/2383
f 1360/2380 1400/2383 1375/2372
f 1375/2372 1400/2383 1416/2384
f 1416/2384 1400/2383 1445/2385
f 1416/2386 1445/2387 1438/2388
f 1438/2388 1445/2387 1458/2389
f 1458/2389 1445/2387 1444/2390
f 1458/2389 1444/2390 1457/2391
f 1457/2391 1444/2390 1415/2392
f 1415/2392 1444/2390 1374/2393
f 1415/2392 1374/2393 1355/2394
f 1444/2390 1445/2387 1384/2395
f 1444/2390 1384/2395 1374/2393
f 1355/2394 1374/2393 1297/2396
f 1297/2396 1374/2393 1223/2397
f 1297/2396 1223/2397 1073/2398
f 1073/2398 1223/2397 1040/2399
f 1223/2397 1374/2393 1316/2400
f 1316/2400 1374/2393 1384/2395
f 1040/2399 1223/2397 1222/2401
f 1222/2401 1223/2397 1316/2400
f 1040/2399 1222/2401 1038/2402
f 1038/2402 1222/2401 1296/2403
f 1222/2401 1316/2400 1357/2404
f 1222/2401 1357/2404 1296/2403
f 1357/2404 1316/2400 1383/2405
f 1296/2403 1357/2404 1398/2406
f 1357/2404 1383/2405 1437/2407
f 1357/2404 1437/2407 1398/2406
f 1296/2403 1398/2406 1425/2408
f 1425/2408 1398/2406 1437/2407
f 1296/2403 1425/2408 1354/2409
f 1425/2408 1437/2407 1457/2410
f 1354/2409 1425/2408 1415/2411
f 1415/2411 1425/2408 1457/2410
f 1318/2412 1383/2405 1316/2400
f 1318/2412 1316/2400 1384/2395
f 1383/2405 1318/2412 1253/2413
f 1318/2412 1384/2395 1279/2414
f 1318/2412 1279/2414 1253/2413
f 1130/2415 1253/2413 1013/2416
f 1013/2416 1253/2413 1279/2414
f 1013/2416 1279/2414 1166/2417
f 1013/2416 1166/2417 927/2418
f 1166/2417 1279/2414 1319/2419
f 1279/2414 1384/2395 1385/2420
f 1279/2414 1385/2420 1319/2419
f 1385/2420 1384/2395 1445/2387
f 1319/2419 1385/2420 1400/2421
f 1400/2421 1385/2420 1445/2387
f 1280/2422 1225/2423 1129/2424
f 1129/2424 1225/2423 1075/2425
f 1075/2425 1225/2423 1042/2426
f 1075/2425 1042/2426 994/2427
f 994/2427 1042/2426 958/2428
f 1129/2424 1075/2425 993/2429
f 993/2429 1075/2425 994/2427
f 993/2429 994/2427 958/2428
f 1129/2424 993/2429 1041/2430
f 993/2429 958/2428 979/2431
f 1013/2432 927/2433 881/2434
f 881/2434 927/2433 762/2435
f 1013/2432 881/2434 926/2436
f 926/2436 881/2434 855/2437
f 926/2436 855/2437 938/2438
f 1013/2432 926/2436 1012/2439
f 1012/2439 926/2436 924/2440
f 1013/2432 1012/2439 1130/2441
f 1012/2439 924/2440 992/2442
f 1130/2441 1012/2439 1194/2443
f 1194/2443 1012/2439 992/2442
f 1194/2443 992/2442 1074/2444
f 1194/2443 1074/2444 1252/2445
f 1252/2445 1074/2444 1102/2446
f 1194/2443 1252/2445 1358/2447
f 832/2448 833/2449 925/2450
f 832/2448 925/2450 776/2451
f 776/2451 925/2450 875/2452
f 925/2450 833/2449 1076/2453
f 875/2452 925/2450 937/2454
f 925/2450 1076/2453 1011/2455
f 925/2450 1011/2455 937/2454
f 1011/2455 1076/2453 1195/2456
f 1195/2456 1076/2453 1359/2457
f 937/2454 1011/2455 977/2458
f 937/2454 977/2458 938/2459
f 938/2459 977/2458 906/2460
f 977/2458 1011/2455 1193/2461
f 1193/2461 1011/2455 1195/2456
f 906/2460 977/2458 974/2462
f 974/2462 977/2458 1193/2461
f 906/2460 974/2462 851/2463
f 906/2460 851/2463 831/2464
f 974/2462 1193/2461 1102/2465
f 974/2462 1102/2465 851/2463
f 1102/2465 1193/2461 1252/2466
f 851/2463 1102/2465 973/2467
f 973/2467 1102/2465 1074/2468
f 851/2463 973/2467 874/2469
f 831/2464 851/2463 754/2470
f 754/2470 851/2463 874/2469
f 831/2464 754/2470 731/2471
f 754/2470 874/2469 853/2472
f 731/2471 754/2470 755/2473
f 755/2473 754/2470 853/2472
f 1317/2474 1252/2466 1193/2461
f 1317/2474 1193/2461 1195/2456
f 1252/2466 1317/2474 1358/2475
f 1317/2474 1195/2456 1359/2457
f 1317/2474 1359/2457 1394/2476
f 1317/2474 1394/2476 1358/2475
f 1394/2476 1359/2457 1438/2477
f 1358/2475 1394/2476 1393/2478
f 1358/2475 1393/2478 1278/2479
f 1278/2479 1393/2478 1356/2480
f 1356/2480 1393/2478 1399/2481
f 1393/2478 1394/2476 1426/2482
f 1426/2482 1394/2476 1438/2477
f 1393/2478 1426/2482 1399/2481
f 1426/2482 1438/2477 1458/2483
f 1399/2481 1426/2482 1437/2484
f 1437/2484 1426/2482 1458/2483
f 1437/2484 1458/2483 1457/2485
f 732/2486 776/2487 690/2488
f 690/2488 776/2487 875/2489
f 938/2490 875/2489 937/2491
f 875/2489 938/2490 893/2492
f 893/2492 938/2490 817/2493
f 893/2492 817/2493 816/2494
f 875/2489 893/2492 775/2495
f 775/2495 893/2492 816/2494
f 875/2489 775/2495 690/2488
f 775/2495 816/2494 691/2496
f 775/2495 691/2496 616/2497
f 775/2495 616/2497 690/2488
f 690/2488 616/2497 667/2498
f 667/2498 616/2497 588/2499
f 667/2498 588/2499 710/2500
f 926/2501 938/2502 906/2503
f 926/2501 906/2503 924/2504
f 924/2504 906/2503 831/2505
f 924/2504 831/2505 877/2506
f 877/2506 831/2505 731/2507
f 877/2506 731/2507 794/2508
f 794/2508 731/2507 755/2509
f 794/2508 755/2509 878/2510
f 794/2508 878/2510 877/2506
f 878/2510 755/2509 853/2511
f 924/2504 877/2506 936/2512
f 936/2512 877/2506 878/2510
f 924/2504 936/2512 992/2513
f 992/2513 936/2512 1074/2514
f 936/2512 878/2510 975/2515
f 975/2515 878/2510 853/2511
f 936/2512 975/2515 1074/2514
f 975/2515 853/2511 874/2516
f 1074/2514 975/2515 973/2517
f 973/2517 975/2515 874/2516
f 1358/2518 1278/2519 1194/2520
f 1194/2520 1278/2519 1128/2521
f 1194/2520 1128/2521 1104/2522
f 1194/2520 1104/2522 1130/2523
f 1128/2521 1278/2519 1037/2524
f 1037/2524 1278/2519 1356/2525
f 1128/2521 1037/2524 954/2526
f 1128/2521 954/2526 1104/2522
f 1130/2523 1104/2522 1224/2527
f 1130/2523 1224/2527 1253/2528
f 1253/2528 1224/2527 1383/2529
f 1399/2530 1437/2531 1383/2529
f 1399/2530 1383/2529 1315/2532
f 1315/2532 1383/2529 1224/2527
f 1315/2532 1224/2527 1103/2533
f 1103/2533 1224/2527 1104/2522
f 1315/2532 1103/2533 1191/2534
f 1191/2534 1103/2533 976/2535
f 1103/2533 1104/2522 991/2536
f 1103/2533 991/2536 976/2535
f 991/2536 1104/2522 954/2526
f 976/2535 991/2536 892/2537
f 976/2535 892/2537 852/2538
f 892/2537 991/2536 874/2539
f 892/2537 874/2539 852/2538
f 874/2539 991/2536 954/2526
f 852/2538 874/2539 891/2540
f 891/2540 874/2539 954/2526
f 891/2540 954/2526 1037/2524
f 891/2540 1037/2524 1165/2541
f 891/2540 1165/2541 1010/2542
f 1010/2542 1165/2541 1191/2543
f 1165/2541 1037/2524 1356/2525
f 1191/2543 1165/2541 1315/2544
f 1315/2544 1165/2541 1356/2525
f 1315/2544 1356/2525 1399/2545
f 1354/2546 1415/2547 1355/2548
f 1296/2549 1354/2546 1038/2550
f 1354/2546 1355/2548 1126/2551
f 1354/2546 1126/2551 1038/2550
f 1126/2551 1355/2548 1192/2552
f 1192/2552 1355/2548 1297/2553
f 1126/2551 1192/2552 1039/2554
f 1192/2552 1297/2553 1127/2555
f 1192/2552 1127/2555 1039/2554
f 1127/2555 1297/2553 1073/2556
f 1126/2551 1039/2554 990/2557
f 990/2557 1039/2554 1127/2555
f 1126/2551 990/2557 1038/2550
f 990/2557 1127/2555 1073/2556
f 1038/2550 990/2557 1040/2558
f 1040/2558 990/2557 1073/2556
f 852/2559 891/2560 955/2561
f 955/2561 891/2560 1010/2562
f 852/2559 955/2561 976/2563
f 955/2561 1010/2562 1191/2564
f 955/2561 1191/2564 976/2563
f 227/2565 253/2566 254/2567
f 254/2567 253/2566 256/2568
f 254/2567 256/2568 227/2565
f 227/2565 256/2568 228/2569
f 228/2569 256/2568 255/2570
f 228/2569 255/2570 227/2565
f 253/2571 227/2572 255/2573
f 253/2571 255/2573 256/2574
f 298/2575 297/2576 296/2577
f 297/2576 298/2575 258/2578
f 298/2575 296/2577 328/2579
f 298/2575 328/2579 258/2578
f 296/2580 297/2581 257/2582
f 257/2582 297/2581 258/2583
f 296/2580 257/2582 328/2584
f 328/2584 257/2582 258/2583
f 277/2585 328/2586 298/2587
f 298/2587 328/2586 329/2588
f 328/2586 277/2585 276/2589
f 328/2586 276/2589 329/2588
f 277/2590 298/2591 299/2592
f 299/2592 298/2591 329/2593
f 277/2590 299/2592 276/2594
f 276/2594 299/2592 329/2593
f 330/2595 299/2596 329/2597
f 189/2598 153/2599 176/2600
f 176/2601 153/2602 152/2603
f 176/2601 152/2603 191/2604
f 191/2604 152/2603 153/2602
f 191/2604 153/2602 176/2605
f 190/2606 176/2607 191/2608
f 191/2608 176/2607 205/2609
f 176/2610 190/2611 205/2612
f 205/2612 190/2611 191/2613
f 117/2614 94/2615 82/2616
f 82/2616 94/2615 83/2617
f 117/2614 82/2616 81/2618
f 82/2616 83/2617 35/2619
f 82/2616 35/2619 81/2618
f 94/2620 117/2621 81/2622
f 94/2620 81/2622 35/2623
f 94/2620 35/2623 83/2624
f 1203/2625 1173/2626 1086/2627
f 1173/2626 1203/2625 1176/2628
f 1203/2625 1086/2627 1085/2629
f 1203/2625 1085/2629 1202/2630
f 1203/2625 1202/2630 1176/2628
f 1085/2629 1086/2627 1055/2631
f 1086/2627 1173/2626 1052/2632
f 1086/2627 1052/2632 1055/2631
f 1052/2632 1173/2626 1174/2633
f 1174/2633 1173/2626 1176/2628
f 1052/2632 1174/2633 1053/2634
f 1053/2634 1174/2633 1176/2628
f 1052/2632 1053/2634 1055/2631
f 1055/2631 1053/2634 1176/2628
f 1177/2635 1176/2628 1202/2630
f 1176/2628 1177/2635 1055/2631
f 1177/2635 1202/2630 1204/2636
f 1177/2635 1204/2636 1144/2637
f 1055/2631 1177/2635 1056/2638
f 1056/2638 1177/2635 1144/2637
f 1055/2631 1056/2638 1085/2629
f 1056/2638 1144/2637 1016/2639
f 1085/2629 1056/2638 1087/2640
f 1087/2640 1056/2638 1016/2639
f 1202/2641 1085/2642 1111/2643
f 1111/2643 1085/2642 1087/2644
f 1111/2643 1087/2644 1112/2645
f 1202/2641 1111/2643 1233/2646
f 1202/2641 1233/2646 1204/2647
f 1204/2647 1233/2646 1234/2648
f 1233/2646 1111/2643 1110/2649
f 1110/2649 1111/2643 1112/2645
f 1234/2648 1233/2646 1232/2650
f 1232/2650 1233/2646 1110/2649
f 1234/2648 1232/2650 1112/2645
f 1112/2645 1232/2650 1110/2649
f 1234/2651 1112/2652 1170/2653
f 1234/2651 1170/2653 1286/2654
f 1170/2653 1112/2652 1171/2655
f 1170/2653 1171/2655 1286/2654
f 1171/2655 1112/2652 1087/2656
f 1286/2654 1171/2655 1287/2657
f 1287/2657 1171/2655 1172/2658
f 1172/2658 1171/2655 1087/2656
f 1287/2657 1172/2658 1261/2659
f 1172/2658 1087/2656 1139/2660
f 1172/2658 1139/2660 1261/2659
f 1139/2660 1087/2656 1058/2661
f 1261/2659 1139/2660 1262/2662
f 1262/2662 1139/2660 1140/2663
f 1140/2663 1139/2660 1058/2661
f 1262/2662 1140/2663 1263/2664
f 1263/2664 1140/2663 1142/2665
f 1263/2664 1142/2665 1265/2666
f 1140/2663 1058/2661 1114/2667
f 1140/2663 1114/2667 1142/2665
f 1114/2667 1058/2661 1236/2668
f 1114/2667 1236/2668 1208/2669
f 1142/2665 1114/2667 1141/2670
f 1142/2665 1141/2670 1265/2666
f 1141/2670 1114/2667 1208/2669
f 1205/2671 1208/2669 1265/2666
f 1208/2669 1205/2671 1141/2670
f 1141/2670 1205/2671 1265/2666
f 1234/2672 1286/2673 1287/2674
f 1234/2672 1287/2674 1204/2675
f 1204/2675 1287/2674 1261/2676
f 1204/2675 1261/2676 1262/2677
f 1204/2675 1262/2677 1178/2678
f 1178/2678 1262/2677 1263/2679
f 1178/2678 1263/2679 1236/2680
f 1178/2678 1236/2680 1058/2681
f 1236/2680 1263/2679 1265/2682
f 1236/2680 1265/2682 1208/2683
f 1016/2684 1058/2685 1087/2686
f 1058/2685 1016/2684 1178/2687
f 1178/2687 1016/2684 1144/2688
f 1178/2687 1144/2688 1204/2689
f 1207/2690 1236/2691 1145/2692
f 1145/2692 1236/2691 1210/2693
f 1236/2691 1207/2690 1147/2694
f 1236/2691 1147/2694 1210/2693
f 1147/2695 1207/2696 1145/2697
f 1147/2695 1145/2697 1118/2698
f 1147/2695 1118/2698 1119/2699
f 1118/2698 1145/2697 1210/2700
f 1119/2699 1118/2698 1092/2701
f 1119/2699 1092/2701 1093/2702
f 1093/2702 1092/2701 1026/2703
f 1026/2703 1092/2701 1120/2704
f 1092/2701 1118/2698 1182/2705
f 1182/2705 1118/2698 1210/2700
f 1092/2701 1182/2705 1120/2704
f 1182/2705 1210/2700 1119/2706
f 1182/2705 1119/2706 1120/2704
f 1119/2706 1210/2700 1147/2707
f 1120/2704 1119/2706 1093/2708
f 1120/2709 1093/2710 1027/2711
f 1120/2709 1027/2711 1026/2712
f 1026/2712 1027/2711 968/2713
f 1027/2711 1093/2710 988/2714
f 988/2714 1093/2710 1026/2715
f 988/2714 1026/2715 968/2716
f 968/2713 1027/2711 947/2717
f 947/2717 1027/2711 988/2714
f 968/2713 947/2717 899/2718
f 988/2714 968/2716 914/2719
f 988/2714 914/2719 947/2717
f 914/2719 968/2716 899/2720
f 899/2718 947/2717 887/2721
f 887/2721 947/2717 914/2719
f 899/2718 887/2721 823/2722
f 823/2722 887/2721 806/2723
f 887/2721 914/2719 842/2724
f 842/2724 914/2719 899/2720
f 887/2721 842/2724 806/2723
f 842/2724 899/2720 823/2725
f 806/2723 842/2724 787/2726
f 842/2727 823/2728 742/2729
f 742/2729 823/2728 806/2730
f 842/2727 742/2729 787/2731
f 787/2731 742/2729 806/2730
f 1088/2732 1113/2733 1175/2734
f 1175/2734 1113/2733 1054/2735
f 1054/2735 1113/2733 1088/2732
f 1175/2736 1054/2737 1143/2738
f 1175/2736 1143/2738 1088/2739
f 1088/2739 1143/2738 1060/2740
f 1143/2738 1054/2737 1057/2741
f 1057/2741 1054/2737 1088/2742
f 1057/2741 1088/2742 1060/2743
f 1060/2740 1143/2738 1117/2744
f 1117/2744 1143/2738 1057/2741
f 1060/2740 1117/2744 1024/2745
f 1024/2745 1117/2744 1063/2746
f 1117/2744 1057/2741 1019/2747
f 1019/2747 1057/2741 1060/2743
f 1117/2744 1019/2747 1063/2746
f 1019/2747 1060/2743 1024/2748
f 1063/2746 1019/2747 985/2749
f 985/2749 1019/2747 1024/2748
f 1024/2750 1063/2751 1025/2752
f 1025/2752 1063/2751 985/2753
f 1025/2752 985/2753 967/2754
f 1024/2750 1025/2752 987/2755
f 1024/2750 987/2755 985/2756
f 985/2756 987/2755 967/2757
f 967/2757 987/2755 912/2758
f 987/2755 1025/2752 946/2759
f 946/2759 1025/2752 967/2754
f 987/2755 946/2759 912/2758
f 946/2759 967/2754 897/2760
f 897/2760 967/2754 912/2761
f 897/2760 912/2761 860/2762
f 912/2758 946/2759 886/2763
f 886/2763 946/2759 897/2760
f 912/2758 886/2763 860/2764
f 897/2760 860/2762 822/2765
f 897/2760 822/2765 886/2763
f 822/2765 860/2762 786/2766
f 822/2765 786/2766 739/2767
f 886/2763 822/2765 803/2768
f 886/2763 803/2768 860/2764
f 803/2768 822/2765 739/2767
f 860/2764 803/2768 786/2769
f 803/2768 739/2767 740/2770
f 803/2768 740/2770 786/2769
f 786/2769 740/2770 723/2771
f 740/2772 739/2773 678/2774
f 678/2774 739/2773 786/2775
f 740/2772 678/2774 723/2776
f 723/2776 678/2774 786/2775
f 1179/2777 1059/2778 1089/2779
f 1059/2778 1179/2777 1146/2780
f 1059/2778 1146/2780 1020/2781
f 1020/2781 1146/2780 1021/2782
f 1020/2781 1021/2782 1022/2783
f 1089/2784 1059/2785 1090/2786
f 1090/2786 1059/2785 1020/2787
f 1090/2786 1020/2787 1022/2788
f 1090/2786 1022/2788 1023/2789
f 1023/2789 1022/2788 1212/2790
f 1090/2786 1023/2789 1062/2791
f 1062/2791 1023/2789 1212/2790
f 1090/2786 1062/2791 1091/2792
f 1091/2792 1062/2791 1061/2793
f 1090/2786 1091/2792 1116/2794
f 1090/2786 1116/2794 1115/2795
f 1115/2795 1116/2794 1209/2796
f 1115/2795 1209/2796 1235/2797
f 1116/2794 1091/2792 1180/2798
f 1116/2794 1180/2798 1209/2796
f 1180/2798 1091/2792 1061/2793
f 1209/2796 1180/2798 1288/2799
f 1211/2800 1061/2793 1062/2791
f 1061/2793 1211/2800 1180/2798
f 1180/2798 1211/2800 1288/2799
f 1211/2800 1062/2791 1212/2790
f 1211/2800 1212/2790 1288/2799
f 1288/2799 1212/2790 1342/2801
f 1342/2801 1212/2790 1266/2802
f 1266/2802 1212/2790 1181/2803
f 1181/2803 1212/2790 1022/2788
f 1266/2802 1181/2803 1146/2804
f 1181/2803 1022/2788 1021/2805
f 1181/2803 1021/2805 1146/2804
f 1179/2806 1089/2807 1206/2808
f 1206/2808 1089/2807 1090/2809
f 1146/2810 1179/2806 1266/2811
f 1179/2806 1206/2808 1237/2812
f 1179/2806 1237/2812 1266/2811
f 1206/2808 1090/2809 1264/2813
f 1235/2814 1090/2809 1115/2815
f 1090/2809 1235/2814 1264/2813
f 1206/2808 1264/2813 1306/2816
f 1206/2808 1306/2816 1237/2812
f 1306/2816 1264/2813 1364/2817
f 1264/2813 1235/2814 1326/2818
f 1264/2813 1326/2818 1364/2817
f 1306/2816 1364/2817 1327/2819
f 1327/2819 1364/2817 1326/2818
f 1306/2816 1327/2819 1237/2812
f 1326/2818 1235/2814 1238/2820
f 1326/2818 1238/2820 1327/2819
f 1238/2820 1235/2814 1209/2821
f 1238/2820 1209/2821 1288/2822
f 1327/2819 1238/2820 1307/2823
f 1327/2819 1307/2823 1237/2812
f 1238/2820 1288/2822 1328/2824
f 1238/2820 1328/2824 1307/2823
f 1307/2823 1328/2824 1237/2812
f 1328/2824 1288/2822 1342/2825
f 1237/2812 1328/2824 1266/2811
f 1266/2811 1328/2824 1342/2825
f 262/2826 230/2827 261/2828
f 262/2826 261/2828 263/2829
f 230/2830 262/2831 263/2832
f 230/2830 263/2832 261/2833
f 231/2834 263/2835 261/2836
f 261/2836 263/2835 206/2837
f 206/2837 263/2835 231/2834
f 206/2837 231/2834 207/2838
f 206/2837 207/2838 208/2839
f 261/2840 206/2841 260/2842
f 260/2842 206/2841 208/2843
f 261/2840 260/2842 231/2844
f 231/2844 260/2842 208/2843
f 231/2844 208/2843 232/2845
f 232/2845 208/2843 207/2846
f 232/2845 207/2846 231/2844
f 233/2847 279/2848 280/2849
f 233/2847 280/2849 235/2850
f 280/2851 279/2852 235/2853
f 235/2853 279/2852 233/2854
f 236/2855 233/2856 235/2857
f 233/2856 236/2855 209/2858
f 209/2858 236/2855 234/2859
f 236/2860 235/2861 234/2862
f 234/2862 235/2861 233/2863
f 234/2862 233/2863 209/2864
f 210/2865 155/2866 178/2867
f 210/2865 178/2867 193/2868
f 178/2869 155/2870 193/2871
f 193/2871 155/2870 210/2872
s 0
f 301/2873 278/2874 300/2875
s 1
f 37/2876 64/2877 65/2878
f 37/2876 65/2878 49/2879
f 64/2880 37/2881 49/2882
f 64/2880 49/2882 65/2883
f 1602/2884 49/2885 65/2886
f 2229/2887 2248/2888 2247/2889
f 2247/2889 2248/2888 2259/2890
f 2259/2890 2248/2888 2229/2887
f 2259/2890 2229/2887 2238/2891
f 2259/2890 2238/2891 2258/2892
f 2229/2893 2247/2894 2258/2895
f 2258/2895 2247/2894 2259/2896
f 2229/2893 2258/2895 2238/2897
f 2258/2898 2259/2899 2288/2900
f 2288/2900 2259/2899 2271/2901
f 2288/2900 2271/2901 2294/2902
f 2312/2903 2339/2904 2338/2905
f 2338/2905 2339/2904 2328/2906
f 2328/2906 2339/2904 2312/2903
f 2312/2903 2338/2905 2311/2907
f 2328/2906 2312/2903 2322/2908
f 2312/2903 2311/2907 2321/2909
f 2312/2903 2321/2909 2322/2908
f 2338/2910 2328/2911 2340/2912
f 2340/2912 2328/2911 2322/2913
f 2338/2910 2340/2912 2311/2914
f 2340/2912 2322/2913 2329/2915
f 2329/2915 2322/2913 2321/2916
f 2311/2914 2340/2912 2320/2917
f 2320/2917 2340/2912 2329/2915
f 2311/2914 2320/2917 2321/2916
f 2321/2916 2320/2917 2329/2915
f 2341/2918 2358/2919 2350/2920
f 2350/2920 2358/2919 2357/2921
f 2341/2918 2350/2920 2331/2922
f 2358/2923 2341/2924 2351/2925
f 2351/2925 2341/2924 2331/2926
f 2358/2923 2351/2925 2357/2927
f 2351/2925 2331/2926 2350/2928
f 2351/2925 2350/2928 2357/2927
f 2350/2929 2330/2930 2331/2931
f 1965/2932 1938/2933 1937/2934
f 1938/2933 1965/2932 1954/2935
f 1938/2933 1954/2935 1984/2936
f 1954/2935 1965/2932 1967/2937
f 1967/2937 1965/2932 1984/2936
f 1967/2937 1984/2936 1954/2935
f 1937/2938 1938/2939 1984/2940
f 1937/2938 1984/2940 1965/2941
f 2008/2942 1984/2943 1995/2944
f 1995/2944 1984/2943 2009/2945
f 2009/2945 1984/2943 2008/2942
f 2008/2946 1995/2947 2022/2948
f 2022/2948 1995/2947 2009/2949
f 2008/2946 2022/2948 2026/2950
f 2008/2946 2026/2950 2009/2951
f 2009/2951 2026/2950 2041/2952
f 2009/2951 2041/2952 2022/2953
f 2041/2954 2026/2955 2052/2956
f 2052/2956 2026/2955 2022/2957
f 2052/2956 2022/2957 2041/2954
f 1668/2958 1691/2959 1681/2960
f 1691/2959 1668/2958 1667/2961
f 1681/2962 1691/2963 1667/2964
f 1681/2962 1667/2964 1668/2965
f 1667/2966 1668/2967 1666/2968
f 1666/2968 1668/2967 1710/2969
f 1667/2966 1666/2968 1747/2970
f 1747/2970 1666/2968 1710/2969
f 1747/2970 1710/2969 1735/2971
f 1709/2972 1668/2973 1667/2974
f 1668/2973 1709/2972 1710/2975
f 1709/2972 1667/2974 1747/2976
f 1710/2975 1709/2972 1735/2977
f 1735/2977 1709/2972 1747/2976
f 1898/2978 1927/2979 1871/2980
f 1898/2978 1871/2980 1872/2981
f 1927/2982 1898/2983 1872/2984
f 1927/2982 1872/2984 1871/2985
f 1871/2986 1873/2987 1857/2988
f 1857/2988 1873/2987 1858/2989
f 1871/2986 1857/2988 1827/2990
f 1857/2988 1858/2989 1840/2991
f 1857/2988 1840/2991 1827/2990
f 1858/2992 1873/2993 1871/2994
f 1858/2992 1871/2994 1827/2995
f 1858/2992 1827/2995 1840/2996
f 1840/2997 1827/2998 1793/2999
f 1827/3000 1793/3001 1808/3002
f 1808/3002 1793/3001 1792/3003
f 1808/3004 1792/3005 1827/3006
f 1827/3006 1792/3005 1793/3007
f 2241/3008 2274/3009 2260/3010
f 2274/3009 2241/3008 2262/3011
f 2260/3012 2274/3013 2262/3014
f 2260/3012 2262/3014 2241/3015
f 2263/3016 2240/3017 2231/3018
f 2263/3016 2231/3018 2261/3019
f 2261/3020 2240/3021 2263/3022
f 2240/3021 2261/3020 2231/3023
f 2306/3024 2305/3025 2316/3026
f 2306/3027 2316/3028 2323/3029
f 2306/3027 2323/3029 2317/3030
f 2306/3031 2317/3032 2316/3033
f 2316/3033 2317/3032 2323/3034
f 2117/3035 2107/3036 2077/3037
f 2117/3035 2077/3037 2100/3038
f 2107/3039 2117/3040 2100/3041
f 2107/3039 2100/3041 2077/3042
f 2100/3043 2068/3044 2077/3045
f 2194/3046 2207/3047 2193/3048
f 2194/3046 2193/3048 2172/3049
f 2207/3050 2194/3051 2172/3052
f 2207/3050 2172/3052 2193/3053
f 2192/3054 2173/3055 2161/3056
f 2192/3054 2161/3056 2171/3057
f 2161/3058 2173/3059 2171/3060
f 2171/3060 2173/3059 2192/3061
f 2367/3062 2364/3063 2359/3064
f 2367/3062 2359/3064 2343/3065
f 2359/3064 2364/3063 2342/3066
f 2359/3064 2342/3066 2343/3065
f 2342/3066 2364/3063 2360/3067
f 2343/3065 2342/3066 2344/3068
f 2344/3068 2342/3066 2360/3067
f 2364/3069 2367/3070 2366/3071
f 2364/3069 2366/3071 2360/3072
f 2366/3071 2367/3070 2352/3073
f 2366/3071 2352/3073 2360/3072
f 2352/3073 2367/3070 2343/3074
f 2360/3072 2352/3073 2344/3075
f 2344/3075 2352/3073 2343/3074
f 2345/3076 2353/3077 2333/3078
f 2345/3076 2333/3078 2334/3079
f 2353/3080 2345/3081 2334/3082
f 2353/3080 2334/3082 2333/3083
f 2315/3084 2334/3085 2333/3086
f 2333/3086 2334/3085 2314/3087
f 2314/3087 2334/3085 2315/3084
f 2315/3088 2333/3089 2313/3090
f 2313/3090 2333/3089 2314/3091
f 2313/3090 2314/3091 2315/3088
f 952/3092 790/3093 789/3094
f 789/3094 790/3093 517/3095
f 517/3095 790/3093 482/3096
f 517/3095 482/3096 267/3097
f 790/3093 952/3092 934/3098
f 482/3096 790/3093 868/3099
f 868/3099 790/3093 934/3098
f 267/3097 482/3096 161/3100
f 267/3097 161/3100 26/3101
f 934/3098 952/3092 989/3102
f 989/3102 952/3092 921/3103
f 989/3102 921/3103 903/3104
f 989/3102 903/3104 971/3105
f 989/3102 971/3105 934/3098
f 971/3105 903/3104 890/3106
f 934/3098 971/3105 904/3107
f 904/3107 971/3105 890/3106
f 934/3098 904/3107 868/3099
f 904/3107 890/3106 810/3108
f 810/3108 890/3106 407/3109
f 868/3099 904/3107 483/3110
f 483/3110 904/3107 810/3108
f 483/3110 810/3108 407/3109
f 868/3099 483/3110 482/3096
f 483/3110 407/3109 181/3111
f 483/3110 181/3111 482/3096
f 181/3111 407/3109 101/3112
f 482/3096 181/3111 161/3100
f 181/3111 101/3112 1573/3113
f 181/3111 1573/3113 161/3100
f 1573/3113 101/3112 1647/3114
f 1573/3113 1647/3114 1648/3115
f 1648/3115 1647/3114 1697/3116
f 161/3100 1573/3113 1605/3117
f 1605/3117 1573/3113 1648/3115
f 161/3100 1605/3117 26/3101
f 1605/3117 1648/3115 1687/3118
f 26/3101 1605/3117 1754/3119
f 1754/3119 1605/3117 1687/3118
f 789/3120 517/3121 516/3122
f 516/3122 517/3121 267/3123
f 789/3120 516/3122 405/3124
f 516/3122 267/3123 71/3125
f 516/3122 71/3125 1549/3126
f 516/3122 1549/3126 405/3124
f 1549/3126 71/3125 1752/3127
f 405/3124 1549/3126 100/3128
f 71/3125 267/3123 1646/3129
f 71/3125 1646/3129 1752/3127
f 1646/3129 267/3123 26/3130
f 1752/3127 1646/3129 1956/3131
f 1646/3129 26/3130 1754/3132
f 1956/3131 1646/3129 1957/3133
f 1957/3133 1646/3129 1754/3132
f 1956/3131 1957/3133 2128/3134
f 1957/3133 1754/3132 2042/3135
f 1957/3133 2042/3135 2128/3134
f 101/3136 407/3137 100/3128
f 100/3128 407/3137 406/3138
f 100/3128 406/3138 405/3124
f 406/3138 407/3137 682/3139
f 682/3139 407/3137 890/3140
f 405/3124 406/3138 703/3141
f 703/3141 406/3138 682/3139
f 703/3141 682/3139 890/3140
f 405/3124 703/3141 789/3120
f 703/3141 890/3140 903/3142
f 703/3141 903/3142 848/3143
f 848/3143 903/3142 921/3144
f 789/3120 703/3141 902/3145
f 902/3145 703/3141 848/3143
f 902/3145 848/3143 921/3144
f 789/3120 902/3145 952/3146
f 952/3146 902/3145 921/3144
f 1929/3147 2042/3135 1754/3132
f 1929/3147 1754/3132 1816/3148
f 1816/3148 1754/3132 1687/3149
f 1816/3148 1687/3149 1769/3150
f 1816/3148 1769/3150 1929/3147
f 1769/3150 1687/3149 1649/3151
f 1769/3150 1649/3151 1756/3152
f 1756/3152 1649/3151 1635/3153
f 1756/3152 1635/3153 1661/3154
f 1756/3152 1661/3154 1770/3155
f 1770/3155 1661/3154 1728/3156
f 1770/3155 1728/3156 1901/3157
f 1770/3155 1901/3157 1756/3152
f 1901/3157 1728/3156 1997/3158
f 1901/3157 1997/3158 2028/3159
f 1756/3152 1901/3157 1891/3160
f 1891/3160 1901/3157 2028/3159
f 1756/3152 1891/3160 1769/3150
f 1891/3160 2028/3159 2043/3161
f 1769/3150 1891/3160 1919/3162
f 1919/3162 1891/3160 2043/3161
f 1769/3150 1919/3162 1929/3147
f 1929/3147 1919/3162 2070/3163
f 1929/3147 2070/3163 2042/3135
f 1919/3162 2043/3161 2055/3164
f 1919/3162 2055/3164 2070/3163
f 2055/3164 2043/3161 2209/3165
f 2042/3135 2070/3163 2215/3166
f 2215/3166 2070/3163 2055/3164
f 2055/3164 2209/3165 2222/3167
f 2055/3164 2222/3167 2215/3166
f 2222/3167 2209/3165 2289/3168
f 2222/3167 2289/3168 2215/3166
f 2215/3166 2289/3168 2276/3169
f 2276/3169 2289/3168 2208/3170
f 2208/3170 2289/3168 2234/3171
f 2215/3166 2276/3169 2221/3172
f 2215/3166 2221/3172 2042/3135
f 2221/3172 2276/3169 2298/3173
f 2042/3135 2221/3172 2128/3134
f 2221/3172 2298/3173 2251/3174
f 2221/3172 2251/3174 2128/3134
f 2128/3134 2251/3174 2127/3175
f 2251/3174 2298/3173 2297/3176
f 2127/3175 2251/3174 2265/3177
f 2265/3177 2251/3174 2297/3176
f 2265/3177 2297/3176 2296/3178
f 1549/3179 1752/3180 1842/3181
f 1842/3181 1752/3180 1956/3182
f 1549/3179 1842/3181 1844/3183
f 1549/3179 1844/3183 100/3184
f 1842/3181 1956/3182 2081/3185
f 1842/3181 2081/3185 1844/3183
f 2081/3185 1956/3182 2127/3186
f 2127/3186 1956/3182 2128/3187
f 2081/3185 2127/3186 2250/3188
f 2250/3188 2127/3186 2265/3189
f 2250/3188 2265/3189 2296/3190
f 2250/3188 2296/3190 2297/3191
f 2250/3188 2297/3191 2252/3192
f 2081/3185 2250/3188 2082/3193
f 2082/3193 2250/3188 2252/3192
f 2081/3185 2082/3193 1844/3183
f 2252/3192 2297/3191 2233/3194
f 2252/3192 2233/3194 2082/3193
f 2233/3194 2297/3191 2298/3195
f 1844/3183 2082/3193 2069/3196
f 2069/3196 2082/3193 2233/3194
f 2233/3194 2298/3195 2208/3197
f 2233/3194 2208/3197 2069/3196
f 2208/3197 2298/3195 2276/3198
f 1844/3183 2069/3196 1846/3199
f 2069/3196 2208/3197 2054/3200
f 2069/3196 2054/3200 1846/3199
f 2054/3200 2208/3197 2071/3201
f 2071/3201 2208/3197 2234/3202
f 2071/3201 2234/3202 2223/3203
f 2071/3201 2223/3203 2072/3204
f 2071/3201 2072/3204 1890/3205
f 1890/3205 2072/3204 2044/3206
f 2054/3200 2071/3201 1889/3207
f 1889/3207 2071/3201 1890/3205
f 2054/3200 1889/3207 1880/3208
f 2054/3200 1880/3208 1846/3199
f 1890/3205 2044/3206 1881/3209
f 1881/3209 2044/3206 1998/3210
f 1889/3207 1890/3205 1660/3211
f 1660/3211 1890/3205 1881/3209
f 1880/3208 1889/3207 1673/3212
f 1673/3212 1889/3207 1660/3211
f 1880/3208 1673/3212 1697/3213
f 1880/3208 1697/3213 1846/3199
f 1697/3213 1673/3212 1591/3214
f 1591/3214 1673/3212 1660/3211
f 1846/3199 1697/3213 1647/3215
f 1697/3213 1591/3214 1648/3216
f 1846/3199 1647/3215 1590/3217
f 1590/3217 1647/3215 101/3218
f 1846/3199 1590/3217 1844/3183
f 1590/3217 101/3218 100/3184
f 1590/3217 100/3184 1844/3183
f 1648/3216 1591/3214 1649/3219
f 1648/3216 1649/3219 1687/3220
f 1649/3219 1591/3214 1635/3221
f 1635/3221 1591/3214 1592/3222
f 1592/3222 1591/3214 1660/3211
f 1635/3221 1592/3222 1622/3223
f 1622/3223 1592/3222 1660/3211
f 1635/3221 1622/3223 1661/3224
f 1622/3223 1660/3211 1688/3225
f 1688/3225 1660/3211 1881/3209
f 1661/3224 1622/3223 1574/3226
f 1688/3225 1881/3209 1674/3227
f 1661/3224 1574/3226 1728/3228
f 1622/3223 1688/3225 1557/3229
f 1557/3229 1688/3225 1674/3227
f 1574/3226 1622/3223 2/3230
f 2/3230 1622/3223 1557/3229
f 1674/3227 1881/3209 1832/3231
f 1832/3231 1881/3209 1998/3210
f 1832/3231 1998/3210 1833/3232
f 1674/3227 1832/3231 1675/3233
f 1675/3233 1832/3231 1833/3232
f 1674/3227 1675/3233 1557/3229
f 1675/3233 1833/3232 1729/3234
f 1675/3233 1729/3234 1575/3235
f 1557/3229 1675/3233 1531/3236
f 1557/3229 1531/3236 2/3230
f 1531/3236 1675/3233 1575/3235
f 2/3230 1531/3236 72/3237
f 72/3237 1531/3236 1575/3235
f 2/3230 72/3237 1574/3226
f 1574/3226 72/3237 1/3238
f 1574/3226 1/3238 1728/3228
f 72/3237 1575/3235 27/3239
f 72/3237 27/3239 1/3238
f 1623/3240 74/3241 1575/3235
f 1575/3235 74/3241 27/3239
f 1986/3242 1997/3243 1728/3228
f 1986/3242 1728/3228 1758/3244
f 1532/3245 1728/3228 1/3238
f 1728/3228 1532/3245 1758/3244
f 1532/3245 1/3238 27/3239
f 1758/3244 1532/3245 1714/3246
f 1714/3246 1532/3245 1650/3247
f 1650/3247 1532/3245 73/3248
f 73/3248 1532/3245 27/3239
f 1650/3247 73/3248 1606/3249
f 1606/3249 73/3248 90/3250
f 73/3248 27/3239 143/3251
f 73/3248 143/3251 90/3250
f 143/3251 27/3239 74/3241
f 90/3250 143/3251 165/3252
f 143/3251 74/3241 102/3253
f 143/3251 102/3253 165/3252
f 1427/3254 1417/3255 1428/3256
f 1427/3254 1428/3256 1338/3257
f 1427/3254 1338/3257 1337/3258
f 1427/3254 1337/3258 1417/3255
f 1338/3257 1428/3256 1340/3259
f 1338/3257 1340/3259 1337/3258
f 1340/3259 1428/3256 1418/3260
f 1418/3260 1428/3256 1417/3255
f 1337/3258 1340/3259 1322/3261
f 1322/3261 1340/3259 1418/3260
f 1337/3258 1322/3261 1301/3262
f 1337/3258 1301/3262 1417/3255
f 1301/3262 1322/3261 1303/3263
f 1418/3260 1417/3255 1407/3264
f 1407/3264 1417/3255 1301/3262
f 1418/3260 1407/3264 1408/3265
f 1407/3264 1301/3262 1281/3266
f 1281/3266 1301/3262 1260/3267
f 1407/3264 1281/3266 1395/3268
f 1407/3264 1395/3268 1363/3269
f 1363/3269 1395/3268 1386/3270
f 1395/3268 1281/3266 1226/3271
f 1395/3268 1226/3271 1386/3270
f 1226/3271 1281/3266 1135/3272
f 1226/3271 1135/3272 1168/3273
f 1226/3271 1168/3273 1386/3270
f 1168/3273 1135/3272 1080/3274
f 1386/3270 1168/3273 1336/3275
f 1386/3270 1336/3275 1284/3276
f 1336/3275 1168/3273 1105/3277
f 1168/3273 1080/3274 1078/3278
f 1168/3273 1078/3278 1105/3277
f 1336/3275 1105/3277 1299/3279
f 1299/3279 1105/3277 1078/3278
f 1284/3276 1336/3275 1282/3280
f 1282/3280 1336/3275 1299/3279
f 1282/3280 1299/3279 1078/3278
f 1078/3278 1080/3274 1044/3281
f 1078/3278 1044/3281 1282/3280
f 1284/3276 1282/3280 1256/3282
f 1256/3282 1282/3280 1044/3281
f 1256/3282 1044/3281 1046/3283
f 1046/3283 1044/3281 1049/3284
f 1046/3283 1049/3284 1048/3285
f 1256/3282 1046/3283 1228/3286
f 1228/3286 1046/3283 1048/3285
f 1256/3282 1228/3286 1258/3287
f 1228/3286 1048/3285 1198/3288
f 1322/3289 1418/3290 1408/3291
f 1322/3289 1408/3291 1303/3292
f 1303/3292 1408/3291 1401/3293
f 1303/3292 1401/3293 1283/3294
f 1401/3293 1408/3291 1387/3295
f 1401/3293 1387/3295 1283/3294
f 1387/3295 1408/3291 1407/3296
f 1303/3292 1283/3294 1260/3297
f 1260/3297 1283/3294 1387/3295
f 1303/3292 1260/3297 1301/3298
f 1387/3295 1407/3296 1363/3299
f 1387/3295 1363/3299 1260/3297
f 1260/3297 1363/3299 1200/3300
f 1260/3297 1200/3300 1281/3301
f 1281/3301 1200/3300 1135/3302
f 1200/3300 1363/3299 1325/3303
f 1200/3300 1325/3303 1135/3302
f 1325/3303 1363/3299 1386/3304
f 1325/3303 1386/3304 1284/3305
f 1325/3303 1284/3305 1135/3302
f 1135/3302 1284/3305 1080/3306
f 1080/3306 1284/3305 1258/3307
f 1258/3307 1284/3305 1256/3308
f 1080/3306 1258/3307 1049/3309
f 1080/3306 1049/3309 1044/3310
f 1049/3309 1258/3307 1198/3311
f 1198/3311 1258/3307 1228/3312
f 1049/3309 1198/3311 1048/3313
f 964/3314 1197/3315 1229/3316
f 1229/3316 1197/3315 1321/3317
f 1229/3316 1321/3317 1362/3318
f 1362/3318 1321/3317 1376/3319
f 1376/3319 1321/3317 1339/3320
f 964/3321 1229/3322 910/3323
f 717/3324 716/3325 910/3323
f 717/3324 910/3323 911/3326
f 910/3323 1229/3322 1136/3327
f 910/3323 1136/3327 911/3326
f 1136/3327 1229/3322 1362/3328
f 911/3326 1136/3327 1108/3329
f 911/3326 1108/3329 1197/3330
f 1197/3330 1108/3329 1321/3331
f 1136/3327 1362/3328 1304/3332
f 1136/3327 1304/3332 1108/3329
f 1304/3332 1362/3328 1376/3333
f 1321/3331 1108/3329 1259/3334
f 1259/3334 1108/3329 1304/3332
f 1321/3331 1259/3334 1339/3335
f 1304/3332 1376/3333 1324/3336
f 1304/3332 1324/3336 1259/3334
f 1324/3336 1376/3333 1339/3335
f 1339/3335 1259/3334 1283/3337
f 1283/3337 1259/3334 1324/3336
f 1283/3337 1324/3336 1339/3335
f 1197/3338 964/3339 963/3340
f 1197/3338 963/3340 911/3341
f 963/3340 964/3339 782/3342
f 911/3341 963/3340 797/3343
f 797/3343 963/3340 782/3342
f 911/3341 797/3343 717/3344
f 717/3344 797/3343 563/3345
f 563/3345 797/3343 670/3346
f 670/3346 797/3343 782/3342
f 670/3346 782/3342 619/3347
f 619/3347 782/3342 533/3348
f 782/3349 964/3350 910/3351
f 782/3349 910/3351 716/3352
f 782/3349 716/3352 533/3353
f 533/3353 716/3352 563/3354
f 563/3354 716/3352 717/3355
f 563/3356 670/3357 468/3358
f 468/3358 670/3357 592/3359
f 592/3359 670/3357 619/3360
f 468/3358 592/3359 591/3361
f 468/3358 591/3361 467/3362
f 467/3362 591/3361 595/3363
f 591/3361 592/3359 530/3364
f 530/3364 592/3359 619/3360
f 595/3363 591/3361 715/3365
f 591/3361 530/3364 527/3366
f 591/3361 527/3366 715/3365
f 530/3364 619/3360 423/3367
f 530/3364 423/3367 527/3366
f 423/3367 619/3360 533/3368
f 595/3363 715/3365 763/3369
f 423/3367 533/3368 468/3370
f 468/3370 533/3368 563/3371
f 423/3367 468/3370 467/3372
f 423/3367 467/3372 444/3373
f 423/3367 444/3373 527/3366
f 444/3373 467/3372 595/3374
f 444/3373 595/3374 531/3375
f 444/3373 531/3375 527/3366
f 531/3375 595/3374 763/3376
f 531/3375 763/3376 735/3377
f 527/3366 531/3375 639/3378
f 639/3378 531/3375 735/3377
f 527/3366 639/3378 715/3365
f 639/3378 735/3377 819/3379
f 639/3378 819/3379 715/3365
f 715/3365 819/3379 818/3380
f 715/3365 818/3380 763/3369
f 763/3369 818/3380 929/3381
f 763/3369 929/3381 735/3382
f 819/3383 735/3384 939/3385
f 819/3383 939/3385 1001/3386
f 819/3383 1001/3386 818/3387
f 818/3387 1001/3386 980/3388
f 818/3387 980/3388 929/3389
f 939/3390 735/3391 929/3392
f 939/3390 929/3392 1079/3393
f 939/3390 1079/3393 1001/3394
f 1001/3394 1079/3393 1134/3395
f 1001/3394 1134/3395 980/3396
f 929/3397 980/3398 1047/3399
f 929/3397 1047/3399 1079/3400
f 1079/3400 1047/3399 1134/3401
f 1047/3399 980/3398 1106/3402
f 1106/3402 980/3398 1134/3401
f 1106/3402 1134/3401 1047/3399
f 446/3403 469/3404 447/3405
f 447/3405 469/3404 470/3406
f 446/3403 447/3405 472/3407
f 447/3405 470/3406 431/3408
f 447/3405 431/3408 472/3407
f 470/3409 469/3410 431/3411
f 431/3411 469/3410 446/3412
f 431/3411 446/3412 472/3413
f 539/3414 472/3415 538/3416
f 372/3417 326/3418 325/3419
f 325/3419 326/3418 250/3420
f 250/3420 326/3418 251/3421
f 326/3418 372/3417 349/3422
f 349/3422 372/3417 399/3423
f 399/3423 372/3417 398/3424
f 399/3423 398/3424 349/3422
f 325/3425 250/3426 372/3427
f 372/3427 250/3426 348/3428
f 372/3427 348/3428 398/3429
f 348/3428 250/3426 251/3430
f 398/3429 348/3428 349/3431
f 349/3431 348/3428 251/3430
f 349/3431 251/3430 326/3432
f 598/3433 540/3434 566/3435
f 566/3435 540/3434 567/3436
f 598/3433 566/3435 597/3437
f 597/3437 566/3435 567/3436
f 540/3438 598/3439 599/3440
f 599/3440 598/3439 597/3441
f 540/3438 599/3440 541/3442
f 599/3440 597/3441 568/3443
f 599/3440 568/3443 541/3442
f 568/3443 597/3441 567/3444
f 540/3438 541/3442 567/3444
f 567/3444 541/3442 568/3443
f 600/3445 601/3446 676/3447
f 676/3447 601/3446 644/3448
f 600/3445 676/3447 675/3449
f 675/3449 676/3447 644/3448
f 600/3450 675/3451 643/3452
f 643/3452 675/3451 644/3453
f 600/3450 643/3452 601/3454
f 644/3455 601/3456 643/3457
f 601/3458 643/3459 570/3460
f 570/3460 643/3459 644/3461
f 570/3460 644/3461 601/3458
f 643/3462 644/3463 602/3464
f 603/3465 602/3466 646/3467
f 646/3467 602/3466 699/3468
f 646/3467 699/3468 603/3465
f 602/3469 603/3470 699/3471
f 646/3472 698/3473 699/3474
f 647/3475 605/3476 604/3477
f 604/3477 605/3476 571/3478
f 605/3476 647/3475 620/3479
f 605/3476 620/3479 571/3478
f 620/3480 647/3481 604/3482
f 620/3480 604/3482 571/3483
f 544/3484 545/3485 606/3486
f 606/3486 545/3485 546/3487
f 546/3487 545/3485 544/3484
f 606/3488 546/3489 544/3490
f 574/3491 502/3492 546/3493
f 607/3494 546/3495 606/3496
f 607/3497 606/3498 621/3499
f 607/3497 621/3499 622/3500
f 622/3501 606/3502 607/3503
f 606/3502 622/3501 621/3504
f 575/3505 547/3506 504/3507
f 575/3505 504/3507 506/3508
f 506/3508 504/3507 505/3509
f 504/3510 547/3511 505/3512
f 505/3512 547/3511 575/3513
f 505/3512 575/3513 506/3514
f 547/3515 575/3516 624/3517
f 547/3515 624/3517 649/3518
f 624/3519 575/3520 649/3521
f 649/3521 575/3520 547/3522
f 507/3523 432/3524 509/3525
f 507/3523 509/3525 508/3526
f 509/3527 432/3528 508/3529
f 508/3529 432/3528 507/3530
f 353/3531 332/3532 331/3533
f 353/3531 331/3533 282/3534
f 353/3531 282/3534 303/3535
f 303/3535 282/3534 156/3536
f 331/3537 332/3538 157/3539
f 331/3537 157/3539 282/3540
f 282/3540 157/3539 156/3541
f 156/3541 157/3539 332/3538
f 156/3541 332/3538 303/3542
f 303/3542 332/3538 354/3543
f 354/3543 332/3538 353/3544
f 354/3543 353/3544 303/3542
f 85/3545 86/3546 97/3547
f 97/3548 86/3549 96/3550
f 96/3550 86/3549 87/3551
f 86/3552 97/3553 87/3554
f 87/3554 97/3553 96/3555
f 39/3556 50/3557 38/3558
f 2113/3559 2074/3560 2099/3561
f 2074/3560 2113/3559 2087/3562
f 2113/3559 2099/3561 2114/3563
f 2113/3559 2114/3563 2087/3562
f 2099/3564 2074/3565 2114/3566
f 2114/3566 2074/3565 2088/3567
f 2088/3567 2074/3565 2087/3568
f 2088/3567 2087/3568 2114/3566
f 2114/3569 2122/3570 2113/3571
f 2114/3572 2122/3573 2105/3574
f 2105/3574 2122/3573 2123/3575
f 2114/3576 2105/3577 2115/3578
f 2115/3578 2105/3577 2123/3579
f 2114/3576 2115/3578 2122/3580
f 2122/3580 2115/3578 2123/3579
f 2153/3581 2166/3582 2184/3583
f 2166/3582 2153/3581 2154/3584
f 2154/3584 2153/3581 2184/3583
f 2166/3582 2154/3584 2188/3585
f 2166/3582 2188/3585 2187/3586
f 2154/3584 2184/3583 2165/3587
f 2165/3587 2184/3583 2185/3588
f 2188/3585 2154/3584 2186/3589
f 2186/3589 2154/3584 2165/3587
f 2188/3585 2186/3589 2187/3586
f 2186/3589 2165/3587 2185/3588
f 2186/3589 2185/3588 2187/3586
f 2185/3590 2184/3591 2166/3592
f 2185/3590 2166/3592 2187/3593
f 2200/3594 2190/3595 2201/3596
f 2190/3595 2200/3594 2202/3597
f 2202/3598 2200/3599 2201/3600
f 2202/3598 2201/3600 2190/3601
f 2201/3602 2189/3603 2190/3604
f 1615/3605 1584/3606 1640/3607
f 1640/3607 1584/3606 1641/3608
f 1640/3607 1641/3608 1615/3605
f 1584/3606 1615/3605 1567/3609
f 1567/3609 1615/3605 1566/3610
f 1567/3609 1566/3610 1584/3606
f 1615/3611 1641/3612 1566/3613
f 1566/3613 1641/3612 1584/3614
f 1631/3615 1642/3616 1641/3617
f 1631/3618 1642/3619 1669/3620
f 1631/3618 1669/3620 1656/3621
f 1642/3622 1631/3623 1656/3624
f 1642/3622 1656/3624 1669/3625
f 1711/3626 1712/3627 1737/3628
f 1737/3628 1712/3627 1639/3629
f 1639/3629 1712/3627 1711/3626
f 1639/3629 1711/3626 1655/3630
f 1639/3631 1655/3632 1737/3633
f 1737/3633 1655/3632 1711/3634
f 1781/3635 1765/3636 1737/3637
f 1737/3637 1765/3636 1766/3638
f 1737/3639 1766/3640 1781/3641
f 1765/3642 1781/3643 1794/3644
f 1765/3642 1794/3644 1766/3645
f 1794/3644 1781/3643 1809/3646
f 1809/3646 1781/3643 1766/3647
f 1809/3646 1766/3647 1810/3648
f 1810/3648 1766/3647 1794/3649
f 1794/3650 1809/3651 1828/3652
f 1828/3652 1809/3651 1810/3653
f 1828/3652 1810/3653 1794/3650
f 1897/3654 1874/3655 1899/3656
f 1899/3656 1874/3655 1875/3657
f 1897/3654 1899/3656 1915/3658
f 1875/3659 1874/3660 1879/3661
f 1879/3661 1874/3660 1897/3662
f 1875/3659 1879/3661 1899/3663
f 1879/3661 1897/3662 1915/3664
f 1879/3661 1915/3664 1899/3663
f 1966/3665 1980/3666 1992/3667
f 1966/3665 1992/3667 1981/3668
f 1992/3667 1980/3666 1994/3669
f 1980/3666 1966/3665 1983/3670
f 1980/3666 1983/3670 1994/3669
f 1994/3671 1983/3672 1992/3673
f 1992/3673 1983/3672 1981/3674
f 1981/3674 1983/3672 1966/3675
f 1992/3676 1981/3677 1993/3678
f 1993/3678 1981/3677 1979/3679
f 1993/3680 1979/3681 1992/3682
f 1992/3682 1979/3681 1981/3683
f 2146/3684 2135/3685 2134/3686
f 2135/3685 2146/3684 2124/3687
f 2134/3688 2135/3689 2124/3690
f 2134/3688 2124/3690 2146/3691
f 2146/3692 2124/3693 2136/3694
f 2136/3694 2124/3693 2125/3695
f 2146/3696 2136/3697 2125/3698
f 2146/3696 2125/3698 2124/3699
f 2067/3700 2066/3701 2076/3702
f 2067/3700 2076/3702 2051/3703
f 2066/3701 2067/3700 2075/3704
f 2075/3704 2067/3700 2064/3705
f 2075/3704 2064/3705 2066/3701
f 2076/3706 2066/3707 2040/3708
f 2076/3706 2040/3708 2051/3709
f 2051/3709 2040/3708 2039/3710
f 2039/3710 2040/3708 2066/3707
f 2051/3709 2039/3710 2067/3711
f 2039/3710 2066/3707 2038/3712
f 2039/3710 2038/3712 2067/3711
f 2038/3712 2066/3707 2064/3713
f 2038/3712 2064/3713 2067/3711
f 2191/3714 2168/3715 2167/3716
f 2168/3715 2191/3714 2206/3717
f 2167/3716 2168/3715 2169/3718
f 2206/3717 2191/3714 2203/3719
f 2203/3719 2191/3714 2167/3716
f 2203/3719 2167/3716 2204/3720
f 2204/3720 2167/3716 2169/3718
f 2203/3721 2204/3722 2213/3723
f 2203/3721 2213/3723 2206/3724
f 2213/3723 2204/3722 2205/3725
f 2213/3723 2205/3725 2206/3724
f 2205/3725 2204/3722 2169/3726
f 2206/3724 2205/3725 2168/3727
f 2168/3727 2205/3725 2169/3726
f 2157/3728 2145/3729 2144/3730
f 2145/3729 2157/3728 2159/3731
f 2145/3729 2159/3731 2160/3732
f 2144/3733 2145/3734 2160/3735
f 2144/3733 2160/3735 2157/3736
f 2157/3736 2160/3735 2159/3737
f 2157/3738 2159/3739 2170/3740
f 2170/3740 2159/3739 2158/3741
f 2158/3742 2159/3743 2157/3744
f 2158/3742 2157/3744 2170/3745
